Spot index;Coefficient 1;Coefficient 2;Coefficient 3
11981;0.79425791458034;0.37624833968971;-0.13676485236706
11982;1.2319750076662;-0.043858462384054;-0.23988356233559
12083;1.2339219417761;0.16504584545009;-0.60380212168927
12084;1.2522879259341;0.086815790265481;-0.61076405169697
12085;1.0511717953142;-0.20466144520081;-0.69929428097579
12185;1.2437485520036;0.14608446279199;-0.67758354347682
12186;1.0673548931003;-0.054333660288322;-0.59350089897652
12187;0.7632413129186;-0.26957271020389;-0.63177971117883
12286;1.2076789191534;0.085143723589822;-0.68462583910183
12287;0.9578984504223;-0.074108548003162;-0.68635692478877
12288;0.36810914102841;-0.40146663474107;-0.77050522725731
12387;1.4685441298187;0.13304063932533;-0.77654730205452
12388;0.54300927158834;-0.4851722294263;-0.64249939226514
12389;0.08989787011317;-0.48027897589757;-0.96279672055902
12487;1.5093370079593;-0.062042829143748;-0.52039268570997
12488;0.61870647371755;-0.61322530254625;-0.3678350455121
12489;-0.0010806068351967;-0.57106847858591;-0.94391505502425
12586;1.7502127075546;-0.1283789726136;-0.29841498113148
12587;1.0324802698151;-0.27678608884105;-0.4448398693078
12588;0.35307131764669;-0.49158729103107;-0.66443409446161
12685;1.0318019600878;-0.13147382388778;-0.38757715668184
12686;0.84292602599762;-0.073807700685296;-0.39510902489605
12687;0.7730111393218;-0.25710482481422;-0.46357764644007
12783;1.0142734941161;-0.2170675121177;-0.51353449499498
12784;0.93925149996691;-0.20782984630159;-0.56118645201779
12785;0.86406161292185;-0.2394590929713;-0.54337318131071
12876;-2.4034857689932;0.24555451849791;-0.78463945582613
12877;-2.5048853218392;0.10885681246403;-0.71763963396951
12882;0.19542591495876;-0.32276038086808;-0.27351031718262
12883;0.21384183127895;-0.23173753344246;-0.16784966779474
12884;0.14752530171211;-0.22467222420437;-0.049272667582301
12973;-2.5294039615539;0.076778693747367;-0.70278984886633
12974;-2.5059926302169;0.08781668814889;-0.69097619333195
12975;-2.3793496962251;0.055782142767023;-0.66281119088685
12979;-0.19907625241736;-0.079771629770233;-0.62271840520567
12980;-0.08000148221163;-0.15423147587037;-0.34540872624185
12981;0.085055044714535;-0.21786109594632;-0.14118548105522
13071;-2.5176239505285;0.11262146160206;-0.57915927758666
13072;-2.039082204445;-0.16366285959513;-0.58882721302051
13073;-1.6134782485009;-0.33915720946402;-0.64449796414479
13076;-0.0026946012653862;0.34099285736343;-0.92254792965258
13077;-0.41045055748259;0.078002103004978;-0.90036466608492
13078;0.16644139409735;-0.20671350382793;-0.22725925414727
13167;-1.9866094374087;-0.36764795242438;-0.68417665016718
13168;-1.7225633495599;-0.34533734717545;-0.63162712136961
13169;-1.2852822474196;-0.29429203355937;-0.56958545934544
13170;-0.72167815468632;-0.29658792173424;-0.84553498272388
13172;0.55560305539249;0.84902439970905;-1.1865325766788
13173;0.58050311437489;0.56049755765306;-0.75668545146557
13174;0.51853553021542;-0.27070415462265;-0.28454369274051
13262;-1.9125003314898;-0.39554527070156;-0.60868753587949
13263;-1.7310020580886;-0.25890744899677;-0.50273462016553
13264;-1.2057309543825;-0.33351735865433;-0.57478077524614
13265;-0.90588048588218;-0.45063381422792;-0.69973100713686
13266;-0.12303351564471;0.28071247581846;-1.043219811247
13267;0.90536488290456;1.023276612942;-1.1958823340502
13268;1.1336076962376;0.82877730332269;-0.98017295675144
13269;0.96525492435697;0.2980188597929;-0.53934771555958
13359;-1.1030607076031;-0.32900491548434;-0.54121911743687
13360;-0.95263970855769;-0.44991105299186;-0.62139987209826
13361;-0.75257848540819;-0.48540936397181;-0.67770024117532
13362;-0.21638656501824;-0.14154382531396;-0.81798348491263
13363;1.1772811449153;1.0051526609012;-1.1938907210537
13364;1.1935807466684;0.88689879797755;-1.0675708780645
13455;-1.0426133305868;-0.69731982487482;-0.52425049432529
13456;-0.58557145695467;-0.62582969359509;-0.65987734240872
13457;0.80795400433233;0.6339875267648;-1.1068284663207
13458;1.2155726404299;1.0612261918334;-1.2553250084592
13551;0.058653793341675;-0.25703605240837;-0.76192566131274
13552;1.7732562604112;1.8493986793264;-1.6530486602577
13646;2.7034143265139;2.6429799454649;-1.7644474841587
27672;2.7490315385519;-0.048618276944953;0.22383127712591
27759;2.2884380867109;-0.39748568468085;0.50277947569529
27760;1.8884883717858;-0.33893797771059;0.32367170348667
27846;1.6632264484869;-0.41354862421402;0.031740536592307
27847;1.2130085650422;-0.25042517107608;-0.30481243437687
27848;0.30591395910979;-0.10834517318708;-1.3466014605619
27932;1.7969547575956;-0.58643727458721;-0.019461922932804
27933;1.5878474729639;-0.47425846196694;-0.10813901513475
27934;0.75089907730593;-0.11095124014526;-0.65988182846538
27935;-0.36012567863739;0.39546676115863;-0.84929813427734
28019;1.9845902581878;-0.6979945090742;0.045226433150772
28020;1.7062615449632;-0.56901237625938;-0.093913174269025
28021;1.3420515988476;-0.35193888337923;-0.045837454692893
28098;-2.0871131531634;-0.48104016144979;-0.9744170135331
28105;2.1325650009304;-0.69664932592177;0.23898459359759
28106;1.8547434604353;-0.57227685419753;0.085794652139986
28107;1.4268338065525;-0.27547720322021;0.16046491959116
28183;-2.2801892310969;-0.59071883398711;-0.16285925734929
28184;-1.7758738415805;-0.87497673596846;-0.60104878370102
28185;-1.7544525115318;-0.90406662937172;-0.67594254632477
28190;2.8216589934857;-0.99161520751004;0.64973173019753
28191;2.3157135686809;-0.77088301314505;0.32341707306509
28192;1.8964853307483;-0.48611280010327;0.28052667206655
28193;1.5609607679105;-0.2344161572641;0.32468876722382
28269;-2.1115416044937;-0.73541747117277;-0.25224163076048
28270;-1.6852197549332;-0.90152082940415;-0.47408052198138
28271;-1.4061609965034;-0.77998002002416;-0.45673385404933
28276;2.8249717825499;-1.007300790667;0.58571431381343
28277;2.5354673720205;-0.94519484260116;0.23456114594358
28278;2.2503845318486;-0.79887445618871;0.167463041624
28279;1.7368018924323;-0.29618630652338;0.4501498575587
28355;-2.3084023668664;-0.59973479620719;-0.15767765114844
28356;-1.7967990633002;-0.86426790470772;-0.30884657191121
28357;-1.1695373974884;-0.65126683116541;-0.37212272669884
28358;-0.89030120228574;-0.31651788060792;-0.44995895427834
28362;2.8855815031733;-1.0021287971269;0.63950154994847
28363;2.5167063234964;-0.94433218160584;0.16848302003173
28364;2.4081493709466;-0.97246282700379;0.044225872861163
28365;2.3035673989388;-0.93634929479003;0.014568152409065
28439;-3.4793174295175;-0.51283415859975;-1.1176592997859
28440;-2.67947773103;-0.49447518374944;-0.31221918393268
28441;-1.9607286265916;-0.80697968797316;-0.23160506586526
28442;-1.2490011461428;-0.71023674973968;-0.28802632450529
28443;-1.1148112943298;-0.38677230281149;-0.28086492348454
28444;-1.7888831628815;0.50160129738484;-0.20560765841167
28447;0.95782167335822;-0.047255014903389;-0.51061294552927
28448;1.8650745619457;-1.1631295676207;-0.20211630809886
28449;2.1374413009319;-1.0833968064013;-0.069586393478299
28525;-2.4838512709042;-0.48792770547681;-0.018523865932162
28526;-1.9044383895037;-0.74961147349009;-0.23390809804908
28527;-1.241892685315;-0.72060656467612;-0.26888444120149
28528;-1.2550008870895;-0.3310186111094;-0.0070549153452004
28529;-2.0402212678972;0.61867042483755;-0.012282933668734
28530;-2.0296005981503;1.4673674053603;-0.51267458938662
28531;-1.232305934958;0.75526204856113;-0.78445711235198
28532;-0.038745173064263;-0.13742797248196;-0.73834983045861
28533;-0.027810688012758;-0.64390973641024;-0.58193303422896
28534;-0.11688879103186;-0.49700522415664;-0.30606807204596
28610;-2.1631115173518;-0.73115243344766;-0.10312283284725
28611;-1.6333193438458;-0.64665146897512;-0.31499901656038
28612;-1.4074278604839;-0.57295642756937;-0.24177731463345
28613;-1.1887519709624;-0.56532365828505;-0.017762186526394
28614;-1.5419150520392;0.01949223963404;0.16738392261168
28615;-1.489554253094;1.0437039174351;-0.48253277449611
28616;-0.85656450109844;0.90076919374076;-0.29934901679084
28617;0.053838423869049;0.68322626610287;-0.76965064215778
28618;-0.3510787235929;-0.39652923853298;-0.50769360620364
28619;-0.60751378045972;-0.29658821736897;-0.38034507209878
28696;-1.522941239062;-0.54868244478877;-0.3422175594099
28697;-1.4699925329605;-0.53405777975948;-0.3158414243448
28698;-1.1381509626124;-0.52292838225142;0.014579721293811
28699;-0.69362969366428;0.025320380026535;0.42933636466898
28700;-0.38692410593137;0.68034007619536;0.50874532992588
28701;0.31002275585267;0.63307633388505;0.10265839696209
28702;0.65357826174428;0.93536318733649;-0.40558253353986
28703;0.17436194002651;0.36601972490356;-0.70719036153708
28704;-0.26925971550696;0.22086206323857;-0.64429636216394
28781;-1.4997799539604;-0.52928885215061;-0.33567701907807
28782;-1.4308958664364;-0.52662976186232;-0.26201238934392
28783;-1.1400457197621;-0.50519753031613;0.02052421190269
28784;-0.94152287457596;-0.47344815935984;0.12594967094725
28785;0.028076777589813;0.035623620012754;0.29895714163843
28786;0.93499161893836;0.68353916308169;0.14208196168907
28787;1.3332206287252;0.74847038086094;0.067244274353539
28788;1.0062180381834;0.45273499586638;-0.58964517078713
28789;0.41509260733952;0.80239529926479;-1.0597278515521
28867;-1.1345817821138;-0.48917850489377;0.025119522565547
28868;-1.065152212941;-0.49795242234748;0.06790671255918
28869;-0.88022983855757;-0.60821902707184;0.015059512026853
28870;-0.23983013274751;-0.35048253057806;0.26956898560978
28871;1.1949110239591;0.61382522094114;0.26035135266812
28872;2.1701137371137;0.17272253099556;0.096196928226878
28873;2.2863582979347;-0.060989066167793;0.1499032809715
28952;-0.48340383880569;-0.6575432517524;-0.36071413509667
28953;-0.56834973636289;-0.64424502322472;-0.23955611985522
28954;-0.46623000117767;-0.49056165743357;-0.20900268351209
28955;0.14619501773232;-0.03428645270939;0.040192509465272
28956;1.1495401306115;0.59476122228709;0.17258578452534
28957;2.3642086176227;0.24493538570374;0.17186320727586
28958;2.6685004342457;-0.064822733093917;0.088660686975679
29037;-0.30964855533764;-0.66116948671938;-0.32592437428777
29038;0.08048545213848;-0.66874211656341;0.20556082693806
29039;0.19101622607103;-0.19258195243802;0.14622490636282
29040;0.83695045419482;0.22558460960818;0.25406881574534
29041;2.7166482014462;1.6571373069582;0.083897156141122
29042;3.3888291595307;1.1343424980008;-0.29209027343567
29121;0.13705218417233;-0.77457364144011;0.076629350689314
29122;0.28402442810301;-0.78429873537931;0.15572824947536
29123;0.30946396388364;-0.66088853326665;0.18318679771938
29124;0.44546113540813;-0.11564704088341;0.26477056977681
29125;2.7050953616032;1.7321953389875;0.048681923958655
29126;3.361063710535;1.5065332492869;-0.22314022453551
29206;0.30725307854146;-0.80554440088705;0.16762295182094
29207;0.27846358556585;-0.76256959993816;0.17603304460701
29208;0.07114929980767;-0.43657958405381;0.27247621817919
29209;2.1335320881158;2.0059857466343;-0.8079351170495
29210;2.6282551065322;2.2649527899914;-0.89105891673772
29289;0.45083024479845;-0.95711113585703;0.063793712125959
29290;0.45080120803944;-0.9400623808789;0.070012137429777
29291;0.44211890554134;-0.79853071835106;0.12834429974164
29292;2.4635239533135;1.8718447570854;-0.93044831689711
29373;0.64763612156554;-1.1815273356582;-0.18452234981341
29374;0.52495105268534;-1.0437667967212;-0.21145735225585
29375;1.063815608045;0.571498515277;-0.5082939245927
29456;0.76990480511993;-1.3479486839231;-0.44946593702338
29457;0.94505887778628;-0.69975711842691;-0.57836140716891
29458;0.98653047891686;-0.057080651279245;-0.59674283703326
29540;0.40296607715294;-0.68367506567415;-0.28038262510324
29541;0.4189314347007;-0.43009953791348;-0.27499553821793
29622;0.58176805002214;-0.72676925660553;-0.43942710412255
29623;0.59579478620571;-0.70153766081306;-0.44910198627639
42951;1.1546469250144;0.50178952463632;0.12962358729972
43051;0.47316359053661;1.0971145355485;0.34143582160892
43052;0.42206251294928;1.0735056426257;0.28460237864836
43151;-0.20054954051148;0.54381280367734;0.65697248340241
43152;-0.31322587676199;0.12478278092484;0.33476800900995
43245;-2.3919787308034;2.7016729597722;0.78847708047754
43251;0.53373848091739;-0.083976511774384;0.58301052145011
43252;-0.48931440148678;0.014599147359034;0.61598912186252
43253;-0.94041103821662;-0.19903015307806;0.36675120051852
43344;-1.8852610808705;1.8260068857961;0.43121573305264
43345;-1.935419661186;1.9062792149461;0.40818105162915
43346;-2.0986109383579;2.2536611327074;0.59424034663149
43351;0.79924604283324;0.024680536270915;0.77765903647726
43352;0.068582472254638;0.16007903567328;0.69404706098398
43353;-0.25688786361598;0.13186840600592;0.47923406047559
43445;-1.5346569774882;1.0700236664955;0.81894222031196
43446;-1.6393495768031;0.96459298057133;0.46379950540116
43447;-1.9370963828149;1.2270117073279;0.5661880487298
43448;-1.6908332954524;1.5771401710282;0.45976529180231
43452;0.82601144436568;-0.10649120167526;1.051757030164
43453;0.22625124893504;0.029647448741979;0.7452107484691
43454;-0.078369526938421;0.084685214208772;0.60115304620887
43547;-1.6562411722524;-0.060553532126657;0.70714470955265
43548;-1.7061939459262;0.23230646267874;0.7002989955798
43549;-1.7451033940206;0.4535441943937;0.58127666771604
43550;-1.7178439704252;0.79883618512304;0.56791127271821
43551;-1.1362786612719;1.4641875403644;1.1963401148726
43553;0.3041653856645;1.7541671077177;0.93953437176188
43554;0.49938209932514;0.42678221283831;0.78617964198601
43555;0.099077398333277;0.11978779435985;0.68851010690779
43556;-0.063938550967015;0.073481259315818;0.66061588643481
43649;-1.5702866630907;0.10064801951995;0.91260530326201
43650;-1.4723253357884;0.23082157472954;0.97622605026163
43651;-1.2148833537527;0.33903466464298;1.2287102475202
43652;-1.1245041761537;0.70794044318193;1.3406484970733
43653;-1.1454566285895;1.9453621897491;0.91682378998971
43654;-0.88851661593196;1.9961966768347;0.78217198792031
43655;0.31731539913398;0.50469383959042;0.53570419044942
43656;0.075530793480284;0.12468758841015;0.70058006625812
43657;-0.10460043138577;0.042059274175405;0.7586278758492
43751;-1.3245812749695;-0.060309412432651;1.4096131134587
43752;-1.0544665169722;0.067764391492195;1.3881623786279
43753;-0.91704838621641;0.13393523470087;1.3880294930232
43754;-0.85144833726228;1.3135335991094;0.6357549088969
43755;-0.4714429715203;1.6073877771033;0.67739811399788
43756;0.4582288071036;0.77884840147933;0.48391478875563
43757;0.16339995278506;0.22535367666892;0.72421149232089
43758;-0.13540473641819;0.11522112360646;0.81314056744901
43853;-1.3181402025147;0.028980560148353;1.0606835062009
43854;-1.3979720963459;0.049715653912551;0.93688294567537
43855;-1.4085648623038;0.27022991138808;0.66435717930086
43856;-0.82655244520148;0.93613200433667;0.36823627001227
43857;0.3171334558185;0.46193619080491;0.712337998559
43858;0.40564474467822;0.26889773587355;0.80430880502311
43953;-1.5111350251073;0.026719852258359;0.81115853669048
43954;-1.6135950365084;0.029708321599833;0.66263244307482
43955;-1.475750275202;0.1855796276208;0.59832089127255
43956;-0.2846842778479;0.66107362629848;0.86182999505667
43957;0.67242584473656;0.34882974428113;1.2019297857669
43958;0.86134456101815;0.15990532431111;1.2191113344434
44054;-1.8734263430856;-0.084143402591132;0.49607574220096
44055;-1.7432739963088;0.084670166584511;0.39436214876022
44056;-1.0170168516929;0.63956247676354;0.29129148756436
44057;0.64305113949269;0.27554422871687;1.04536440885
44058;1.0042028625699;0.032780327503478;1.1813410890549
44155;-1.9099513017111;-0.075327750112805;0.30004643278722
44156;-0.9836867892975;0.089644344636905;0.60920128869363
44157;1.0357727237055;-0.07356458589021;1.3489717462749
44158;1.332276397177;-0.10224068779619;1.4645095827819
44256;-1.3950590444299;-0.45653304399971;0.5834465381835
44257;0.75882246269625;-0.62772601606645;1.7004338838526
44258;1.1407590574424;-0.4943306697451;1.7443850765821
44356;0.51722416881191;-0.74913656533571;1.7805769211936
44357;0.85095578939963;-0.73834044137351;1.9604400799726
44358;1.0265025431876;-0.6938372231931;1.8908137083699
44457;0.75498903868527;-0.68981904004616;2.0920972960734
44458;0.84072004682253;-0.76920369278893;2.046252038879
44557;0.83559897450871;-0.78767483819223;2.0674340144894
2850;1.4095358968764;-1.41585046232;0.068800434892371
2938;1.4945353758023;-1.2755877855741;-0.011031176922182
2939;1.5220300945507;-1.2408057532759;-0.023083101586016
3025;1.8619274993585;-1.1160717384123;0.17432986444094
3026;1.5843442896528;-1.1696676113873;-0.040977161489974
3111;2.1507337446595;-1.0031289927696;0.32522060047038
3112;1.9325805067433;-1.0498995798687;0.18200834296472
3113;1.4113363201159;-0.96501551402702;0.049982925287836
3114;1.1928918432798;-0.81723787019074;0.11069929184203
3198;1.638239629496;-0.71466006745192;0.23924492428535
3199;1.3719904665158;-0.82580666000323;0.031202567686241
3200;1.1873673662663;-0.8136043810341;0.095666019232082
3201;1.1579268756393;-0.79902803338418;0.15615083272912
3285;1.0924795231536;-0.95331417247998;-0.067320009361151
3286;1.1256886626936;-0.97144336849686;-0.10060022956783
3287;0.88647283577527;-1.089265717217;0.12554054124699
3288;0.84604052882104;-1.0721952242301;0.20188694221116
3289;0.6142820715524;-1.1513608013782;0.3207839135621
3372;1.0201356027308;-1.0321080473047;-0.050440406966224
3373;1.0044080389324;-1.0750611864704;-0.023484683325332
3374;0.83641043472056;-1.209190800526;0.11066228946035
3375;0.65060349638592;-1.1437914423609;0.2738663329593
3376;0.3554231799918;-1.4250745209411;0.4819940340382
3459;1.2390967640046;-1.0455098219735;-0.20104175276347
3460;1.1541652013279;-1.0561012093069;-0.10428276800932
3461;0.86935309186042;-1.295417096613;0.061621468531825
3462;0.44974113921937;-1.301413207189;0.30368473925002
3463;-0.55888125843423;-1.5839542758642;0.78148497909579
3539;-0.018390405923454;-1.0504898365144;-0.048807489606998
3540;-0.1922706950114;-0.92578464389987;-0.0021445905330345
3541;-0.23730030142754;-0.9023108175306;-0.016903375364293
3546;1.3954610229504;-1.0749762065501;-0.21172691464447
3547;1.2251462455076;-0.94420680155752;-0.04167471198659
3548;0.84923227996396;-1.1701177268945;0.07158210336838
3549;0.010948267307848;-1.5881689480503;0.1843136991702
3550;-0.64339237339923;-1.8889254609823;0.34788868588744
3551;-1.0296674825511;-1.9824947034473;0.1252083081184
3626;0.012800150508769;-1.067034775485;-0.025587023346165
3627;-0.071725533719717;-1.0500669372289;-0.098214246165674
3628;-0.20159058181991;-0.97065188972628;-0.063116611814588
3629;-0.58564623832155;-0.84865452329935;-0.27479734760711
3630;-0.63468926729289;-0.92762678468915;-0.28729459421191
3633;1.7995318369826;-1.2654501336456;-0.13161010353391
3634;1.579119375655;-1.2729388490521;-0.28991193869414
3635;0.97242603973273;-1.6811739178313;-0.15918055503899
3636;0.17281630809361;-1.7062256784332;0.060674052966958
3637;-0.58196381405268;-1.8470168207282;0.21743622377135
3638;-0.98403533561007;-1.9508766240948;0.066327415347497
3713;-0.057824796186114;-1.0271281487549;-0.031825137381485
3714;-0.081537796810698;-1.0633414551303;-0.099677642621679
3715;-0.29198706950975;-0.93568761332162;0.016549047174276
3716;-0.69693778305693;-1.0125385512179;-0.22995825460979
3717;-0.72834366888055;-1.0662906202109;-0.23022252758218
3718;-0.54210270837942;-1.2103795482795;-0.28860567460127
3720;1.9372143133743;-1.1901967407714;0.15314467607473
3721;2.0312138370647;-1.2325005472556;0.082331834656059
3722;1.5547309874682;-1.2307028907498;-0.42897125305143
3723;1.1354682550877;-1.4159226992517;-0.33296646929304
3724;0.35308442780963;-1.6028850729671;-0.2025345286597
3725;-0.013914028237635;-1.6036614391613;-0.35209881051353
3800;-0.41486929715828;-0.68588198134309;0.19807181099839
3801;-0.21856683721043;-0.94644433057531;-0.032691076212087
3802;-0.42441808184629;-0.90721757389966;0.068118982159896
3803;-0.83595240892741;-1.0546561750498;-0.16024977715869
3804;-0.96275279267382;-1.1790789679602;-0.15174043706917
3805;-0.67599231292216;-1.1805160354709;-0.3419805533343
3806;0.29841689846153;-1.0926298299421;-0.028984064096633
3807;1.6171579487831;-1.0067739787985;0.28145000050054
3808;2.3323625475909;-1.1771750872871;0.36124641855793
3809;2.2033601880999;-0.90652424694683;-0.1716422477169
3810;1.8973531164988;-1.1508017530771;-0.15881841383584
3811;0.95729764812784;-1.3602723845201;-0.15768255686244
3812;0.46193611645528;-1.4978116637153;-0.23229466063234
3887;-0.74305274247594;-0.57027676570322;0.21835601202771
3888;-1.1756705795246;-1.0351297059288;0.048628008714826
3889;-1.1883372688378;-1.1609534651459;-0.028842094804849
3890;-1.1852865508258;-1.179272934495;-0.063829988042961
3891;-0.8082511100232;-1.253830888045;-0.19350733099263
3892;-0.13100384925817;-1.2854981856659;0.088791679000646
3893;0.93847457767196;-0.96568555818257;-0.14208877986972
3894;2.038630453434;-0.90452048058601;0.43628928532945
3895;2.5183058524854;-0.7207991587927;-0.034487915061309
3896;2.2253018996791;-0.8217865063591;-0.2060372963273
3897;1.2740992105979;-1.2705666596861;0.16022264600408
3898;0.23000108984601;-1.6277703489378;0.008072193337059
3974;-1.7125545996837;-0.83343415546152;0.16286757214757
3975;-1.3880289464103;-1.1467807796384;0.0071960629408384
3976;-1.3336409461312;-1.1709789859456;-0.031263500905792
3977;-1.1543743173803;-1.1645863976168;-0.053703129719787
3978;-0.68072148038497;-1.2331013129164;-0.16173726279972
3979;0.43111302070695;-1.0652161716093;-0.18482871453221
3980;1.5707430873774;-0.88154486111411;0.35215597914423
3981;2.1678749511027;-0.71549382846672;0.28172264075663
3982;2.0668900857;-0.76407193784824;0.084187971599256
3983;1.0501006222145;-1.3586518342222;-0.090813219181803
3984;-0.023942642317931;-1.7151179563767;0.17177403132643
4061;-1.7033127509491;-0.94410477032871;0.18475460192903
4062;-1.4875839416762;-1.151511824541;-0.029294524532615
4063;-1.2966904043034;-1.2302868618559;-0.057437474121869
4064;-0.81530515608417;-1.3251938172977;-0.098478111160595
4065;-0.24327623846058;-1.5084119649632;-0.24500988350768
4066;0.62258105402195;-1.0991039140252;-0.17140028456907
4067;1.8998468041354;-0.98833980857357;0.51080905589341
4068;1.9709892159816;-0.95066860931036;0.22479142148348
4069;1.8941604332169;-1.0085242082394;-0.0063763501311755
4148;-1.5978290207574;-1.0375523798081;0.060819585457695
4149;-1.4044030186384;-1.1659396620964;0.017647067375288
4150;-1.0859818862628;-1.1549487104261;-0.056481353200486
4151;-0.65330176000792;-1.2559347159684;-0.10682738727146
4152;0.12595525193229;-1.1211566616324;-0.33464327117655
4153;1.4202782967008;-0.96776520160846;0.68195340446866
4154;1.9142484175801;-0.86357081467581;0.5249594414054
4155;2.1744356052774;-0.85496152308917;0.20745895627425
4235;-1.3138699347526;-1.1111892315887;0.14706656020771
4236;-1.0541899164913;-1.0035518401826;0.17648311772651
4237;-0.57940155858871;-1.1583932315793;-0.17477402211185
4238;-0.085484473443293;-1.297322565097;-0.28715604833244
4239;0.32961021949445;-1.0251006416136;-0.25054745968099
4240;1.7201705026388;-0.74164136998419;0.72558929049709
4241;2.3253912668451;-0.65744123558225;0.61435579793525
4321;-1.1751709532928;-1.0606851344674;0.21645310764115
4322;-0.87682169563428;-0.93372291005011;0.11148485235692
4323;-0.64436226150576;-0.86485292681216;-0.016034495369109
4324;-0.29723033579072;-1.0700489633245;-0.090023482734401
4325;0.18970108518877;-0.9718438078099;-0.18962941433892
4326;1.3091216670177;-0.62643167757838;0.45798953004307
4327;2.3948484888612;-0.56333739608833;0.56654124477354
4408;-0.66389958026207;-0.89041998618289;0.046498597954105
4409;-0.66877606661923;-0.84129863406679;-0.073370493920659
4410;-0.31918829883203;-1.0129415677818;-0.09241336485341
4411;0.20304985237192;-0.9585456717004;-0.17590338105847
4412;1.6124126356117;-0.62034275182027;-0.19095037046691
4413;2.4138110033985;-0.49404200542497;0.29014856288871
4495;-0.82009670169311;-0.76920035261052;-0.11588307169954
4496;-0.58757905830282;-0.81706604068624;-0.08922194825207
4497;-0.031682465661661;-0.60166384582801;-0.23367429437983
4498;1.5384248892471;-0.45246412982021;-0.23027802132442
4499;1.8614784587806;-0.2807468036689;-0.39907850834548
4581;-0.77391530125322;-0.77597857958825;-0.11281194828751
4582;0.61961187076196;-0.46622240831579;-0.17861866705624
4583;1.5134050639675;-0.36026542891962;-0.30017835702515
4584;1.6920618856419;-0.28786466855854;-0.34580468997721
4667;0.82157747370772;-0.28068550737187;-0.27112644944015
4668;1.5722011564365;-0.31964750294731;-0.33725489782074
4669;1.8002309056226;-0.41257093118457;-0.44836132846139
4752;1.9353723677907;-0.58518029325183;-0.56323336048147
4753;2.0042820874021;-0.59240073118654;-0.56912449482035
4836;2.1832735543723;-0.61759964104315;-0.45418712032426
20038;2.0839173771773;1.6422866516686;-0.31002637473461
20129;2.7544941222885;1.2960990127553;-0.21530414489547
20219;2.9940537359821;1.2275981495828;-0.2262387892846
20220;2.9814385455132;1.2137151699205;-0.21783617378231
20310;2.987520442973;1.2150870086063;-0.22000154058401
20311;2.9939142032791;1.1755038631348;-0.22220241839987
20393;-0.23496763294883;0.75145976494195;-0.21886795682144
20401;2.931565731078;1.1902965799331;-0.19697900712611
20402;2.8329731831193;1.1833219925754;-0.25150823512282
20403;2.4048736910317;1.1399232383582;-0.25287850700907
20485;-0.23578471428257;0.75040367860844;-0.21830404331698
20486;-0.1854251902857;0.78632924523046;-0.2460519105693
20493;2.6093325759226;1.1294496047223;-0.072477941083567
20494;2.0462090548538;0.95573566753748;-0.04829554320655
20495;1.5745829269028;0.89272433784063;-0.10722227040794
20577;-0.28252358750191;0.71710340187103;-0.19517170757977
20578;-0.18016388626108;0.78795113334172;-0.24799332779891
20579;-0.10188876160044;0.79566181342194;-0.26602394408204
20585;2.0025760785789;0.98243131310429;-0.044646156845871
20586;1.7304989228229;0.98724524495333;-0.067961788974789
20668;-1.443878687861;0.67438881852163;0.12442512854019
20669;-1.1217925163823;0.48319579041769;-0.1593329706924
20670;-0.84674524815129;0.55052786172929;-0.16228428703714
20671;-0.46710801825536;0.96762444056282;-0.32115744165668
20677;1.965243289449;0.87298220045213;-0.38513073936876
20678;1.9220448225957;0.86415895204045;-0.36472532933672
20760;-1.30951862271;0.51110243995099;-0.011310629425902
20761;-1.1706320093132;0.47803290416937;-0.14054549897296
20762;-0.69785892853709;0.85619036414074;-0.35675843146391
20763;-0.3161509748153;0.85657467643232;-0.41661960093231
20764;-0.20156668593632;0.90356269369931;-0.47999529844107
20769;2.1060519148961;0.94561906389435;-0.48980666788263
20770;1.9201043279544;0.95495776038193;-0.37420104295662
20852;-1.1388690431564;0.63320293651465;-0.14948616345316
20853;-0.84468172476884;0.66537521349473;-0.27781763822722
20854;-0.47986070186747;0.69383384828897;-0.52279786205463
20855;-0.1932018389232;0.8614650115236;-0.55845830313185
20856;-0.015466738932996;1.0113342042115;-0.59430935209515
20859;2.6717456515209;1.5281830861049;-0.60268493768464
20860;2.2112580602998;1.0802534169217;-0.4573749120042
20861;1.885105231191;0.98068042538038;-0.35176054073129
20944;-0.69770168539186;0.53831743915919;-0.40333114671919
20945;-0.56248107616336;0.54365238907148;-0.43167141943871
20946;-0.38726284605852;0.642664271905;-0.45208938206478
20947;-0.31500707904711;0.89072608514609;-0.46571461072093
20948;-0.34041734365045;1.0993812135873;-0.50163141389613
20950;3.3422246359111;2.144350167274;-0.548562248699
20951;1.9587886497919;1.0028946455082;-0.18891705753259
20952;1.4372466167901;0.81599865855368;-0.014318288720606
21035;-1.1602247515876;0.69557368722417;-0.056305516974589
21036;-1.2276065330271;0.63097759481179;-0.11136448867675
21037;-1.2351760202262;0.52105585509519;-0.27050059823701
21038;-1.3224530002254;0.32350303070057;-0.29307309631538
21039;-1.2851040251711;0.29206121890884;-0.33620841655563
21041;2.5016143386484;1.4673888274538;-0.50542405337825
21042;1.8141570730887;0.88151041994988;-0.096728448657195
21043;0.48806444521457;0.69718904977595;0.47732468486373
21127;-1.8024217436657;0.38455191296769;0.014118428082869
21128;-1.879908893887;0.33416471154696;-0.025706531598812
21129;-1.7392136773689;0.27735495021628;-0.074815411126383
21130;-1.5279055042531;0.21444152054539;-0.27141713546279
21131;-0.95024252477759;0.30076319091529;-0.28215860881016
21132;0.93479324177433;0.70912584451289;0.14378193260875
21133;0.50692646650436;0.65465480298616;0.43957742638035
21134;-0.18469953850334;0.60072885451386;0.38830342769234
21218;-3.0334134205307;-0.054185886049051;0.32552809595552
21219;-2.2133634110738;0.26889727263371;-0.055782713199541
21220;-1.8333735393668;0.21801241712458;-0.30231841025166
21221;-1.388618541407;0.28268777348745;-0.32261092004569
21222;-0.79890538543983;0.37986726999554;-0.028821728985393
21223;-0.74710786234533;0.25798253468619;0.36687285221833
21224;-1.3429784195329;0.27083066051484;0.59407085618471
21308;-3.1118932565421;-0.11410899685887;0.36352746363737
21309;-2.62169223107;0.27714634968688;0.080179171112476
21310;-2.4016712862048;0.24504159057087;-0.0036191993756207
21311;-1.7666424692254;0.1897121109764;-0.40951100409982
21312;-1.572790301999;0.22090333414948;-0.28550465035159
21313;-1.9019893084547;-0.067008253950957;0.25281316470709
21314;-2.2323796822664;-0.022375626243164;0.42036650781849
21398;-2.6156729210872;0.234786083504;0.073648520069073
21399;-2.5332223128962;0.025559008962368;-0.060585934161325
21400;-2.4232688195551;-0.089855759798026;-0.18082029614189
21401;-2.5242660532403;-0.2565469885526;-0.056552385250222
21402;-2.2481600280651;-0.19099780545552;0.11221204796786
21403;-2.3054751085537;-0.13366118432911;0.19264527996693
21488;-2.6169742686055;0.042547043201169;0.00516386087002
21489;-2.7470426218759;-0.14356278336996;0.069146223371468
21490;-2.7510773821865;-0.23216487281073;0.13696985075908
21491;-2.3261152034474;-0.21558916192239;0.0057170236003355
21492;-2.2193451645701;-0.22088958980108;0.019126938819696
21576;-2.4494517217357;-0.3464861705676;0.26356873147923
21577;-2.5809559336;-0.33463460097915;0.18017209400385
21578;-2.548478386527;-0.39843989923819;0.12279641440844
21579;-2.0700253709863;-0.19498356359557;0.037080179604785
21580;-1.1615008189938;0.28305353305669;-0.2117421415182
21665;-2.494908168872;-0.34175240953961;0.31276266343682
21666;-2.4976521258374;-0.39791413611426;0.13476451493118
21667;-1.7507996555274;0.18584562295984;-0.2318787305041
21668;-1.092312015185;0.32142268021874;-0.25656047472477
21752;-2.4358924558753;-0.41442205607782;0.28416042963788
21753;-2.4630342449106;-0.42800812643206;0.21922301058342
21754;-1.7649897384572;0.18322588017724;-0.24099327017856
21755;-1.1212873468108;0.27833270851327;-0.34877898030515
21840;-2.6216607269916;-0.43959652839306;0.19452329317986
21841;-2.1592665996852;-0.020520052916148;-0.1984838022906
21842;-1.4768971205943;0.34659506438848;-0.30733492335555
21927;-1.4989280522927;0.27467692461694;-0.27180393976319
21928;-1.2835329231866;0.3500434662177;-0.25619912035915
22012;-0.96410405614951;0.41323354676783;-0.12927858523236
22013;-0.93337047413764;0.41773879376814;-0.15308941839951
22098;-0.75427486302432;0.26726708241855;-0.29941551338819
35979;0.97459330273837;0.60511504784979;0.039304932466188
36065;1.043199452819;0.60288014865922;0.11289652854973
36143;-0.13568876108668;1.3518527599549;0.50430892952074
36152;0.76950626488549;0.91826906233889;0.37633444304848
36153;0.86421517838815;0.85429048534493;0.40279974690142
36230;-0.026636099739503;1.3626366113258;0.5970805191333
36231;0.04976117071816;1.3831613669772;0.64654970788743
36232;0.013953712239757;1.3870406444443;0.67969101514837
36238;0.55589275891113;0.9370235895603;-0.076881603525763
36239;0.65870328283602;0.84567698829907;0.23252007956888
36240;0.79477538640384;0.81645950375106;0.39783746224966
36318;0.0069519142933746;1.5368475303977;0.34308662202125
36319;-0.20491413729445;1.472622264003;0.44579570386006
36320;-0.6592314054177;1.4313208428169;0.45252280364175
36325;0.46420386374661;0.8678203284402;-0.078762307880938
36326;0.42442956048209;0.81719389381918;0.033925763819589
36327;0.54763175874835;0.76939083962181;0.19876705981683
36405;0.43735439809373;1.8777255505777;-0.063194597889967
36406;-0.0299487476275;1.778624701996;0.11792780868006
36407;-0.78260949009494;1.3897554503239;0.54269154526351
36412;0.29445067077222;0.70249346295251;-0.068433416222823
36413;0.25109488017638;0.67851503660691;-0.055920575471246
36414;0.29525770966059;0.63128868845074;-0.017526484857911
36492;0.48131342745333;2.0195663758891;-0.1060730258049
36493;-0.014470992554291;1.8099000912418;0.070178825375933
36494;-0.8324973629254;1.2377169245549;0.50090331965807
36495;-1.1068173834575;1.1129521900991;0.60844989259753
36499;0.19307347892082;0.73219120911399;-0.059506386165875
36500;-0.18987058601785;0.51639952811602;0.25632207472756
36501;-0.18865082513572;0.31983642373294;0.26043293125431
36579;0.35663786104847;1.8587808698869;-0.024672025177217
36580;-0.42834710721113;1.3198579307285;0.18764004103187
36581;-1.0816299628261;1.0063611399687;0.17096084922632
36582;-1.3907221398284;0.86877772562502;0.051658079362795
36586;0.15357573337821;0.80561879174633;0.0071913419999239
36587;-0.15503990136461;0.43298994585292;0.10470014689069
36588;-0.35510389510696;0.37163008432325;0.13840817320564
36666;0.17122589228504;1.4729459143145;-0.023574502467368
36667;-0.69245883657039;0.84962894727391;0.13364103331631
36668;-1.4102936371423;0.86240970292161;-0.033435045885843
36669;-1.6322606689015;0.70524609293572;-0.077770384675488
36670;-1.5325883481283;0.8040811890279;-0.31988622101284
36672;1.1829788863312;1.0471513410588;-0.040541380561595
36673;0.58280480611864;1.2000905311407;0.031073262032655
36674;0.10610612251941;0.74384721357519;0.1696196460116
36753;-0.70208432157742;0.84812417670835;0.072945116990754
36754;-1.2857949602681;0.9065019443538;0.090966811009415
36755;-1.8199164167935;0.5165050837867;-0.0022309221316782
36756;-1.9135412526329;0.4322887174476;-0.1073065080737
36757;-1.8276563488288;0.37242777527512;-0.15189917428674
36759;1.1061946093269;1.0802246396766;0.18154596270332
36760;0.41497780808132;1.0177957378759;0.18652909976178
36761;0.33362907652466;0.72207940932954;-0.055254957602207
36841;-1.7844383399016;0.66603639597782;-0.0023373327697671
36842;-2.014342536271;0.51140610881288;-0.077133547735649
36843;-2.0262766203452;0.49361459034142;-0.083984366590516
36844;-1.9585651874741;0.48639357428039;-0.079178300484287
36846;0.2613784015614;1.293308085413;0.41290117289018
36847;0.31401871567965;1.112301069619;0.28109932764475
36848;0.62820902562572;0.76969440014375;-0.1502269213341
36928;-2.0038961821442;0.51081178591302;-0.069951726031843
36929;-1.8869157583624;0.4706577239956;-0.1821393004039
36930;-1.0068273341324;1.1745537642574;-0.3422499238905
36931;-0.17590260119228;1.3476093420814;0.70826403612939
36932;0.30249833496232;1.1746765233994;0.56469224317205
36933;0.66325634794688;0.74142451411338;0.18148533493023
36934;0.8338234648963;0.75128001486972;-0.089895301715864
37014;-1.6390491109065;0.45638630576749;-0.033569212214548
37015;-1.2626846590317;0.97439479793292;-0.40732832746489
37016;-0.57665811294813;1.041049132968;-0.48389820168809
37017;-0.25854782876052;1.3013284152924;0.63300654589805
37018;0.48318813312472;1.0133228250184;0.52512476930604
37019;0.74538283328951;0.74317755634078;0.30861425474508
37020;1.0544322568375;0.9246193622857;0.093364633163136
37101;-0.32846688550813;1.0053520435237;-0.63692021904661
37102;-0.32487515880382;0.95725852819944;-0.57597077799626
37103;-0.56631968014049;0.96693812476116;0.080185599069653
37104;0.53429986514058;0.87224802192506;0.72603627334258
37105;0.85823932915805;0.69112766222949;0.54913778940722
37106;1.2350780157604;0.90594007699568;0.24969105430857
37187;-0.16064646967868;1.1683431157742;-0.68182827438497
37188;-0.2973413762747;1.0450205362045;-0.53343496878537
37189;-0.45761908580692;0.93739392765904;0.18695990402622
37190;0.53917761020006;0.85610071652101;0.74308550037174
37191;0.81104863629356;0.73595407894824;0.59562242910535
37273;-0.20040856337473;1.0391021267123;-0.56769630547657
37274;-0.25051813990204;0.8427320180656;-0.0071124269691988
37275;0.63351507172825;1.0140058091144;0.70148588312845
37276;0.82013171071711;1.0587894422794;1.0535387813806
37358;-0.28906192322287;1.0415196721294;-0.66654712830166
37359;-0.15512086328831;0.92414901310615;-0.051828087389807
37360;0.61932843791561;0.97234086849789;0.66913121305983
37361;0.96225831688919;0.96046886679073;0.98752958388179
37444;-0.55826864117762;0.93508914936528;-0.3996745577487
37445;0.092396363626517;1.0087741305735;0.15935050159425
37446;1.0601629764784;0.99269801291743;1.053752945129
37528;-0.7632031811445;1.1979503950488;-0.14998106088458
37529;-0.29108476660617;1.2819283896464;0.18023135487062
37530;0.57261551902379;1.2057632999802;0.79193683665516
37613;-0.40665814073012;1.42323881056;0.02353115211658
37614;0.34097862357712;1.4150183029306;0.71605247775707
