Spot index;Coefficient 1;Coefficient 2;Coefficient 3;Coefficient 4
10643;-0.13067133765272;0.017859776469184;0.38573775345671;-0.32136868021694
10644;-0.068556738305652;-0.010530064749975;0.35622129584878;-0.41714848330671
10645;-0.52822233166883;0.070217105693371;0.1800856178426;-0.40521849532024
10646;-2.0350913691543;0.15475279682579;-0.087711692359538;-0.30929420147332
10647;-2.480187655338;0.069081475259879;0.35116047299066;-0.42863348236022
10648;1.0720217650809;-0.21922361340961;-0.94712474393706;-0.42669712794498
10649;1.7417649394587;-0.57467839420292;-0.61368729545983;-0.11431710246819
10650;1.7304393836563;-0.57520625571004;-0.56262180586523;-0.08115068296928
10651;1.3030879612179;-0.47736937290553;-0.237084222778;-0.076696461514927
10652;-0.96596821065084;0.44145515974086;0.18893763500836;-0.21425735779237
10653;-1.7928655259759;-0.16282267010386;0.074615090130655;-0.28937292033791
10654;-2.2849778446544;-0.49941528025673;0.090093942555038;0.021985361575709
10655;-2.2689307936165;-0.43802599058447;-0.058559873099009;-0.056470766627454
10739;-1.922438262095;0.27425377910805;0.52143497268674;-0.2662969169203
10740;-1.0711798644911;0.38632090935978;0.31527992842969;-0.12580048412696
10741;-0.41204147037141;0.60249007077846;0.10318752138969;-0.1564907524845
10742;-0.43837246533088;0.64891593949078;0.1876641767493;-0.10417349401897
10743;-1.2076293772402;0.21405162074325;0.34165319190348;-0.45163116857742
10744;-1.5339163857602;0.012341764003224;0.40489113639872;-0.44158583695452
10745;-0.63682370397178;-0.028882781725726;0.33768230178541;-0.37128524321374
10746;-0.1703654607064;0.019964156332279;0.3777727849425;-0.31182096864331
10747;-0.078038114997155;-0.011226504417713;0.35785228541149;-0.42238428732104
10748;-0.37152530847067;0.075978193092845;0.22875518491542;-0.41192371631216
10835;0.35341487447333;1.2827331472905;0.0053513837903384;-0.21772381986403
10836;-0.22795839846252;1.2936482418228;0.028300916619199;-0.3105465172594
10837;-0.47144263377284;1.1568141670617;0.040178067940887;-0.28429702503175
10838;-0.619906573299;0.92168549322525;0.29526429072047;-0.32497657123094
10839;-0.93974301675834;0.51814789448752;0.13083770846349;-0.25272559793241
10840;-1.2999034642549;0.11342616805623;-0.060271781192468;-0.19408196401962
10841;-2.1328518951817;0.016808428905106;0.43555137889181;-0.22438692927134
10842;-2.1875792830034;-0.01073614631375;0.4427972971163;-0.16938096604993
10843;-2.1812369449216;-0.0030300241666104;0.44212711144792;-0.15399435389501
10844;-1.5224151058093;0.17511842436629;0.50558505132375;-0.16552642104931
10845;-0.41509793016614;0.59549797254411;0.10316845220261;-0.15852863128398
10846;-0.40291377624898;0.65977739269799;0.16734253142381;-0.12032817615267
10938;0.31922196062398;0.94266169940152;0.061054993076949;-0.27989941513638
10939;0.025836047116914;0.605358246907;-0.1325012654295;-0.22637729987916
10940;-0.13420980101922;0.72618431608908;-0.1446956278566;-0.31974562712409
10941;-0.36159876715822;0.90433100881719;-0.18625062575083;-0.22008132861747
10942;-0.54759317962939;0.75466980293623;0.22161963861731;-0.18803468492202
10943;-1.0958645373895;0.2401777795574;-0.0028602716345351;-0.16547748791059
10944;-1.2093865827198;0.17141358631728;-0.050028873257439;-0.16639086691457
10945;-2.1481214146482;0.01744912521485;0.45624793486493;-0.23799042253726
10946;-2.1753725925077;-0.020446617049612;0.43366077073431;-0.18491963683582
10947;-2.1976926433812;-0.021164959933406;0.43619544536161;-0.16163093306326
11042;0.37977073732656;0.62946098990971;-0.020470398086576;-0.25332413050565
11043;0.21182966698776;0.67476304611797;-0.02853990713701;-0.22726034177132
11044;-0.22565309914253;0.26072446983498;-0.14130168608529;-0.26763654724181
11045;-0.34809257319934;0.061565957203874;-0.20950826265501;-0.19840689581107
11046;-0.81951454390689;-0.47697649573136;-0.32802232712262;-0.088984389875803
11047;-0.59512687872902;0.11519751904537;-0.014429558541818;-0.11405339000273
11048;-1.189159452168;0.005192303218607;-0.018283344404945;-0.11932582544483
11049;-1.6016187929659;0.099827784788438;0.25185563736463;-0.18878090337008
11050;-2.2698385396402;0.036003163141157;0.57034168499784;-0.319209376402
11146;0.93500697038673;0.42971686765713;0.028308454281226;-0.080699412330312
11147;0.61690337719841;0.51055057409021;0.094866578530619;-0.30474093777525
11148;0.09455822036819;0.26748052281302;0.052994392429855;-0.37391126932461
11149;-0.31943935911733;-0.088755891607317;-0.037026612954741;-0.36426735928224
11150;-0.77379441561975;-0.90233718466291;-0.43081090848597;-0.14718000623182
11151;-0.86290267409906;-0.81225306937943;-0.46516131272883;-0.12209086837632
11152;-0.63393950457976;-0.62155937521384;-0.52343188167919;-0.15568685704394
11250;1.8088977972668;0.094899514777672;-0.36565830776155;-0.020798134220416
11251;1.659185408939;0.25014672778199;-0.45616969001414;-0.01887058435189
11252;2.1185391410468;0.20819670192206;-0.64151096068412;0.063849651667631
11253;0.5278351260208;0.24833611150141;0.22559344161613;-0.24622763992942
11254;-0.36496406073798;-0.55751171363713;0.023597538507214;-0.3237557322585
11255;-0.69486639628664;-1.1722196045161;-0.23540434135832;-0.18664273569277
11354;2.3714067206421;-0.25694761920223;-0.79584924891117;-0.38621814487005
11355;2.1395365106475;-0.11996637975096;-0.46258589413065;-0.096927720269049
11356;1.4376911002139;0.18791325307529;-0.37913199596515;-0.091346328821396
11357;2.073256492643;0.08699145634185;-0.32457284909542;0.037072511481098
11459;1.9195261011275;0.015701897544101;-0.96942875652941;-0.26263261417633
11460;2.0143157050981;-0.047558349573318;-0.87925236309592;-0.25981394472053
11461;1.6461350158124;0.18122216083829;-0.70156947912728;-0.030852844924655
11462;0.70258318916135;0.035041834011013;-0.37151390768694;-0.20410626845452
11463;-0.14595196630477;-0.62105417704952;-0.45136533237378;-0.34544372921954
11563;-0.23289079691083;0.29626357004476;-0.24118044307947;-0.090568184685426
11564;0.68748372141551;0.1694812753219;-0.54196147700854;-0.045172461778353
11565;1.1989640960892;0.14829597531193;-0.79937288311515;0.10107474886162
11566;0.89632674114616;0.18275726409946;-0.55232731492334;0.013387767604029
11567;0.05253694295604;-0.28423055527081;-0.42821377268434;-0.2340528672306
11667;0.42888924793409;0.37323125841111;-0.23444363631762;-0.065495645679525
11668;0.49579960131879;0.15523940755272;-0.34871941945053;-0.13641902258908
11669;0.89304087458731;0.19210562984369;-0.54603301267096;-0.068157659903063
11670;0.76313931860258;0.19797013074475;-0.49756222092332;-0.044553263379484
11671;0.8192444349701;0.22919037573878;-0.53169318557708;-0.028894237179444
11770;0.26610208190523;-0.060595531006202;-0.22019579932757;-0.25270364392243
11771;1.4126731624891;0.23590952041995;-0.61826088735359;-0.077239801888134
11772;1.700140633663;0.26124022956149;-0.67460958652897;0.042837940485589
11773;1.4898280564368;0.29208815975602;-0.53097595392198;-0.042405283550057
11774;1.1320086825912;0.25017771819351;-0.51819605186189;-0.063386830669844
11872;-1.0348405588747;-0.3164711663496;-0.40124820832727;-0.1637710324197
11873;0.041447190740918;-0.11204227225871;-0.13764304769898;-0.075650598303997
11874;1.8120247504359;0.23900989349524;-0.87146497893449;-0.094190928339508
11875;2.2111366385557;0.26054052167387;-1.0003833334447;-0.04646248300292
11876;2.2304704535259;0.24207765224997;-0.91001768612801;-0.075884547819492
11974;-1.1977790198302;-0.20203984365317;-0.54636636380628;-0.12099378704203
11975;-0.54092942967479;-0.44006716237553;-0.64245660928453;0.059887050386615
11976;0.96395071414457;0.0038773044527647;-0.57591866331886;-0.30726832500082
11977;1.8945599663668;0.19061494829993;-0.97921872347212;-0.13805278487842
11978;2.529883153312;0.28127025122602;-1.2428154563171;-0.031477587495531
12075;-1.532837017333;-0.64175740882487;-0.15503485868344;-0.19955407486538
12076;-0.39212610353409;-0.36378154856263;-0.52042427135243;-0.19892154637896
12077;0.41177593808205;-0.10542758586168;-0.47890025454836;-0.018785219955194
12078;1.0315291517858;0.11101430532483;-0.46636002381957;-0.23074698049478
12079;1.6775226137174;0.16179885120404;-0.89378391264378;-0.11202068202432
12176;-1.9227487658766;-0.82174513707367;0.13019458287952;-0.036711409569569
12177;-1.8339558459164;-0.77626722954846;0.098028457953432;-0.057122778783918
12178;-0.59129341331249;-0.12210432624221;-0.12665769919877;-0.39536037283245
12179;0.33703546426829;-0.081460061697334;-0.40645079931366;-0.19675841332136
12180;0.94917212733721;0.093781114772835;-0.42909839199946;-0.25107315818373
12275;1.6187039096127;-0.38390009773083;-0.73492097807849;-0.055751597174732
12276;0.082917866423596;0.125593509694;-0.43154636561917;0.011689168038433
12277;-0.9579149493179;-0.25236771056913;0.06430707110774;0.094370809531738
12278;-1.0734240240096;-0.33931022470285;0.06370624065918;-0.0018266868257286
12279;-0.64640799436692;-0.1641791948708;-0.045663521973878;-0.06717816716817
12280;-0.080324462008252;-0.043094885729491;-0.22350972668333;-0.23820653100352
12375;2.1815966729609;-0.64371640107594;-0.82341676481795;-0.39827667674098
12376;1.6934703317559;-0.34800285530304;-0.71067600244073;-0.057913762000699
12377;1.0843619139315;-0.1366523659379;-0.65790693026785;0.054541672003665
12378;0.43803329349937;-0.40383896245468;-0.72032636277781;0.025225026442033
12379;-0.88857798662872;-0.27009662054611;0.050775000715865;0.049528749913004
12380;-0.93407655184394;-0.29362749469545;0.034179754370391;0.059934266499044
12476;1.600237306875;-0.11181579254464;-0.68116762716928;0.066740774238612
12477;1.6554219641326;0.13519820028173;-0.63795621830404;0.052376527927437
12478;1.1329044710679;-0.18569641952101;-0.63983825523982;0.05833304021352
12479;0.54280675650219;-0.64629889321574;-0.58292424334146;0.093443086562631
12576;2.3143662365533;0.4819173913016;-0.61773008509585;-0.19297070503566
12577;2.29587731077;0.41699844325113;-0.55491959530179;-0.20196689644662
12578;2.3522740820994;0.33498431547662;-0.55391852383957;-0.23534133141376
12676;2.2610594673899;0.54826370083331;-0.40202912368092;-0.095224752255736
26720;0.28370072313783;-0.78054458119441;0.19127291825264;0.22910466637603
26721;0.86510753654872;-0.14819885456178;0.31538929034975;0.060496068376427
26722;1.1388185492622;0.28092244265758;0.2883947274327;0.23241997813947
26723;1.0385896630973;0.55565259849698;0.20805563687462;0.2554664924277
26724;0.73693311304134;0.6579067880728;0.39703829679462;0.053661056381815
26725;0.37499498253729;0.85342704867093;0.50815348154797;-0.016469101903793
26726;-0.044993307745387;0.83431943119652;0.29827227910363;0.15142661414899
26727;0.11663462993684;0.97349836849439;0.36715711486546;0.13291288257192
26728;0.28967429139578;1.0336743127396;0.25315044517718;0.066429557989649
26729;0.42165708442272;0.96842792397031;0.23886403177115;-0.010439428959553
26730;0.12237503724148;1.0601727527985;0.3654223432843;-0.038022464911467
26804;-1.4711675293905;-0.11410683124291;-0.040516442603473;0.18330589357926
26805;0.014036046463882;-1.0518203107072;0.066393347859426;0.2598941711387
26806;0.61774611950709;-0.71047545857691;0.1502920259228;-0.04160574989911
26807;0.78107483949093;-0.36672977734751;0.26620622170205;-0.083373292556887
26808;1.1251148627785;0.16888629856899;0.33255473405727;0.071994896927722
26809;0.98170216455491;0.40275355938584;0.33299856952949;-0.064286830783156
26810;0.80902504241015;0.5014252876263;0.4563619798852;-0.039784758401793
26811;0.17392810021032;0.48125628070737;0.46407286496306;0.056775547129291
26812;0.068303807618527;0.37620494251825;0.56114484754301;0.14783496339416
26813;0.13104519160467;0.52242818808818;0.58949370941778;0.14018516259195
26814;0.12522478279111;0.97753940154092;0.28834354945071;0.1310773120423
26815;0.32826726405191;1.0623115161814;0.11023214710621;-0.027046704758565
26816;0.14579025979563;1.0058912487318;0.17986599972673;-0.10023207493715
26817;-0.71255573611271;0.76369134177894;0.12320235173996;-0.040035931336657
26818;-1.0726062782822;0.86699411135998;0.21374653082293;0.094802290674686
26890;-0.71349957613413;-0.30020296968849;0.45547923286404;0.34435335360627
26891;-0.88210595405247;-0.29990593443347;0.18847990816718;0.34056934410204
26892;0.25354309975871;-0.75210815262098;0.02508435887157;0.087445147940336
26893;0.85171489975335;-0.73304335388365;0.36327047489782;-0.12027961537974
26894;0.85015606389811;-0.49122976303358;0.34635926952945;-0.11167712934088
26895;1.1120925739581;0.077573119497985;0.33149494459021;0.048492120221333
26896;0.92983316173513;0.11971130446815;0.32534725046459;-0.090520799441446
26897;0.85278266698605;0.036898174987541;0.34195440596738;-0.11915509574143
26898;0.50268524934975;-0.14103313148048;0.49660120327953;-0.15812267367733
26899;0.41599661533189;-0.078596199606224;0.72457280339329;-0.030704981976636
26900;0.31047449915815;0.06484708747727;0.88583272962731;0.098792667325001
26901;0.024532499235893;0.91724215988003;0.28129487817093;0.089426986011762
26902;0.025416926439298;1.1318589156056;-0.0012644277144352;0.062331463360083
26903;-0.3237556420901;0.85164789863676;0.11816419855483;-0.047738853450926
26904;-0.77464195545;0.57250615550324;0.075092410246202;-0.044680674727739
26905;-1.2387990069901;0.520661695516;0.12999508328539;0.1186139970097
26906;-2.0361270706114;0.8650252810153;-0.054044640084725;0.12370050786315
26907;-2.496016120799;0.95317171407262;0.047168459517849;0.12189361643446
26908;-2.8573642077468;0.89554963650456;0.13309320327226;0.14766214349536
26976;0.25786720693086;-0.10901324855143;0.526773525831;0.11157917284622
26977;0.45574717353529;-0.090293222732141;0.33292881045816;0.070416066565219
26978;0.53610011855874;-0.095534301353669;0.36795073552556;0.049099164162319
26979;0.87901571835723;-0.63552564799774;0.40359393349875;-0.14545452186178
26980;0.8884733923175;-0.75608356614265;0.40951901727935;-0.14009989436496
26981;0.90836165703606;-0.6995220504912;0.44388309528417;-0.12520241167175
26982;1.0638050140749;0.078606538129921;0.45313934819024;-0.14208691601322
26983;1.090124112167;0.14359125007936;0.37665813150842;-0.049877994435184
26984;0.88816826823084;-0.043965450034315;0.34236397719544;-0.14542580931802
26985;0.70146683927596;-0.31656762358249;0.41769667737181;-0.21255716045318
26986;0.52914485951741;-0.20548663894275;0.63234699769139;-0.1350624125346
26987;0.28509705851729;-0.06652454717735;0.88964558328516;0.10854512004403
26991;-0.60745317769055;0.33259912572052;-0.25158097060013;-0.11519628948957
26992;-1.1181880591406;0.44076847087024;-0.016721716177692;0.10643173620236
26993;-1.9468839801674;0.79329612059251;-0.05704364167389;0.13322337726195
26994;-2.45980413886;0.92864430283147;0.063607493618143;0.11924528792944
26995;-2.6162152465396;0.87841107838898;0.1449614630762;0.10689694562642
26996;-1.8938211510728;0.91358284450895;0.040792831466992;0.14776542676528
26997;-1.5466515538114;0.95672714760957;-0.099499122648102;0.23189390413523
27061;0.577716202095;-0.22819154930784;0.23399320503444;0.060428037646665
27062;0.62127197618181;-0.21130276540397;0.25904076956429;0.03617640931782
27063;0.71288774369404;-0.1363228750552;0.35186181940232;0.0098577187470365
27064;0.70509537959161;-0.067768384823404;0.34223577165339;0.013018276488908
27065;0.68694889059613;-0.065418373207364;0.40156824644388;0.036439417581969
27066;0.77157313299465;-0.40967663886684;0.25668774766633;-0.1434968412512
27067;0.74131045757502;-0.92075363216049;0.34743282610924;-0.10422135060314
27068;0.81545855671518;-0.85558683962197;0.38485564507027;-0.12303720199842
27069;1.3632621763077;0.20908429314316;0.38223970888398;0.13768557946273
27070;2.1087416475817;0.43958301275831;-0.091632301881654;-0.019933174232137
27083;-1.5466515538114;0.95672714760957;-0.099499122648102;0.23189390413523
27084;-1.5239885809532;0.95026678508926;-0.098513863768343;0.22781746809709
27085;-1.6790946692199;0.90905712169714;0.0051408473063468;-0.0024936763586085
27086;-1.9243958297293;0.64429080529075;-0.059885399796787;-0.082274375839872
27087;-1.6701719148812;0.71733727230785;-0.18235487344238;-0.027749646184584
27147;0.63704354506609;-0.11558439838729;0.10380076804897;0.14154347131678
27148;0.65997306892733;-0.18480349927721;0.18477194134955;0.07069579302033
27149;0.65186319232216;-0.22387687464147;0.27959119001724;0.033257283700925
27150;0.81278803139314;-0.17807703936066;0.40994281780568;0.018534857785076
27151;0.86540230975939;-0.14496642672143;0.46044597951007;-0.027047733955275
27152;0.9706493075247;-0.19614957614032;0.39703126726967;-0.12974720445949
27153;0.55089220292927;-0.77839984197524;0.12083530522975;-0.31861827377918
27174;-1.5968778249098;0.75226546775845;-0.21536732200946;-0.020897680815823
27175;-1.2190752186969;1.021361044809;-0.42895312216964;0.011600192295019
27176;-1.1297979875073;1.1239986122419;-0.57591227910513;0.035440006172819
27232;0.11180545532261;-0.11013204283471;0.26675197014079;0.34598231639389
27233;0.21909630194245;-0.10654326362;0.23191873366841;0.28756849128607
27234;0.4485645857039;-0.056056970992132;0.23267841259126;0.25753912285331
27235;0.6978843416733;-0.14993020583015;0.084063492809258;0.10446126360582
27236;0.86513324160207;-0.18915357579593;0.12714308238505;0.32451459989235
27237;1.1870018016314;-0.20566364114871;0.094932305369446;0.18679084497174
27266;-2.110325877018;1.2064506335907;-0.014429654482262;0.16198983013951
27318;0.03794692272767;-0.20456940430379;-0.020823761025977;0.35935066290163
27319;-0.10730336479168;-0.27591167901203;0.17532933744702;0.42440687251157
27320;-0.079732314730053;-0.3568436244662;0.14136586361976;0.40807083621295
27321;0.23096672234065;-0.11457818744873;0.21294704675258;0.31639538587547
27322;0.098869764743794;-0.38602771527598;0.081236845464084;0.36625917947846
27323;0.33827933140703;-0.23240397525606;0.099865259818383;0.48009409032438
27324;0.81139633634231;-0.10169102271443;0.055611112241653;0.39865043926639
27404;0.94688319142718;-0.16830001225736;0.043209239461762;0.083973938450867
27405;0.52042333686601;-0.21247953763902;0.14551241560964;0.25028711358845
27406;-0.71562422987324;-0.39452261709443;0.39616111771258;0.34459683032416
27407;-1.5194830723135;-0.43433614038692;0.23651890752583;0.41489167743705
27408;-1.0248478031028;-0.22731988936306;0.16684997042616;0.36597649696897
27409;-1.2873132492725;0.15906547227079;-0.19163599355881;0.29047199570031
27410;-1.1294037309179;0.22744277382902;-0.18558572441983;0.30303328583848
27489;-1.1247948131733;0.23490826237938;-0.0099316155730179;0.017142735436278
27490;-0.77575400957854;0.20912244591281;-0.27783826987635;-0.11620638218455
27491;0.72220711732962;-0.14656070587585;-0.0053237921963323;0.18962920846164
27492;0.56816575979544;-0.11963022803677;0.075016568553973;0.20071877816798
27493;-0.88808301772847;-0.38367312544815;0.3326989461814;0.34905903304092
27494;-2.6250941425368;-0.027131869895554;0.0034032853301869;0.20739286366298
27495;-3.232974460552;-0.064641218919908;-0.12419875638514;0.15598265840336
27496;-5.3714448271996;-0.51469310931338;0.1448490435219;0.036197514100785
27575;-0.43285765625126;0.13410529719608;-0.11450786660005;0.17100927913566
27576;-0.92388381296363;0.20173149685501;-0.012371407172732;0.13390452608193
27577;-0.62955259954961;0.13334399173347;-0.18642604532316;-0.094580857437775
27578;0.15222456498542;0.33342670328868;-0.33290671917051;0.44286313843453
27579;-0.43155713341643;-0.38909333048376;-0.13323658302133;0.13159551885425
27580;-2.5862870465423;0.079385152780552;0.029182645116102;0.17935763474093
27581;-3.8191884094897;0.020401543098893;-0.30365731238936;0.34995329838666
27582;-6.7524236731354;-0.80661542982427;-0.21996694968689;0.11748261877724
27583;-7.1427956950111;-0.6568910110051;-0.10660750721505;0.041794250589863
27660;0.47905414269282;-0.20006419651418;0.19795689579586;0.15222997354653
27661;0.48966136034968;-0.096420797444392;-0.15977214318254;0.050641494010379
27662;0.44890613679089;-0.0043284043183588;-0.3352618876706;0.17282052458038
27663;0.38976347218951;0.11190663923887;-0.47459789383048;0.24270427534529
27664;0.35972925932323;0.052643810377846;-0.13742954612239;0.41464977421012
27665;-0.3101517696524;0.16166569144265;-0.27127256072479;0.11558684021573
27666;-1.1729255646849;0.080357218588319;-0.61298606232364;-0.046814596843391
27667;-5.856669832624;-0.26268673681157;-0.42777031147252;-0.029403386705251
27668;-8.0914814478961;-0.78017722813368;-0.24017605443279;0.0075323705971777
27669;-9.5146944277371;-1.4023872998254;-0.72162722206511;0.011159844159436
27746;1.5348762958826;0.93279411538593;0.51227888260553;-0.010402777023887
27747;1.4980377813533;0.61915426107654;0.25008067317377;0.088631486922367
27748;0.72447966978894;-0.05501025017836;-0.24558383247993;0.26731270175674
27749;0.57802688192093;-0.015916267530315;-0.33399379223782;0.19888631369753
27750;0.4657933866236;0.11880095781468;-0.4620126468101;0.24574388780312
27751;0.52573303160207;0.0031212940090003;-0.22908355857913;0.31466705040026
27752;0.025887010793887;0.1123985664467;-0.16107747984443;0.26443102095331
27753;-4.5053959344056;0.15928734020011;-0.17949431010646;0.089244989517059
27754;-7.7339213616462;-0.71592254672221;-0.24770869943149;0.096066878904516
27755;-9.6537286938517;-1.1505990087505;-0.9065072684846;0.067647056652196
27833;0.63674620241358;0.0085319825512948;0.2009369940189;-0.065573526061682
27834;1.1204872538463;0.38300999857867;0.18501516539266;0.1368258120849
27835;0.91515696745816;0.17001235749572;-0.020145539390109;0.22275285225281
27836;1.0603137986406;0.22225424907964;-0.14903022500753;0.082145517058267
27920;0.89870949155319;0.22191229888118;0.19540966899468;0.015504721381358
27921;1.0689192265515;0.35104018738222;0.17982262154795;0.13665484408866
27922;0.88955938120642;0.30611758917631;0.18868261867907;0.2484372325116
28008;0.74960666255127;0.25864232373523;0.33298300922276;0.019736802707548
42463;-0.13307053408423;0.12833849730028;0.36661187852592;0.34394075531589
42464;0.30110173707517;-0.046859286197187;0.28604492288527;0.11892687772038
42465;0.23141976912882;-0.036623864029235;0.30047273140484;0.066898384836889
42466;-0.28251142574105;0.36207272144587;0.26649623878738;0.31707636295253
42467;-0.83794780624871;0.7073118548194;0.32082393988236;0.39391179597746
42468;1.1222907348133;0.19292988977553;0.17458440640166;-0.16362769450632
42469;3.4365960642081;-0.12837296592725;0.55323354458537;0.093600163551027
42470;3.1429069025076;-0.86531479782489;0.2776290437675;0.26719891906051
42471;3.6225998446914;-0.27435023422678;0.68653738764319;0.11978841359848
42472;3.0785307184348;0.25198991636873;0.67239027771992;0.1691653481147
42473;3.1216345725525;0.83512646045686;0.17064326481093;-0.166639859203
42474;2.5461861486547;1.211719380573;0.26227328980506;0.0087001237436386
42475;1.0028583303656;0.68769723046173;0.69120912976402;-0.14892910700253
42476;0.91611783890214;0.73784727772946;0.62395237075953;-0.14199845065236
42477;1.2554135858227;0.73961630050995;0.29094953276306;-0.084305305830632
42478;1.3172850696143;0.86099245794462;0.31379464221024;-0.1045049873326
42479;0.49840017517546;1.5881059399787;-0.082288333289609;-0.075471755916299
42480;-0.16382138360631;1.0800238429615;-0.090733494001552;0.22940249392604
42481;-0.49495934642751;0.76030249047912;0.38094122112532;0.20932844188601
42482;-0.99005139483088;0.24068976424945;0.29305308343728;0.080946545112217
42483;-1.0194580030355;0.22424052034667;0.29690735302143;0.083910656561733
42484;-0.68982270325399;0.64541772141938;0.43260529000569;0.16458771055997
42557;0.29867134919921;-0.53283474087505;0.2102831617924;-0.070613813048898
42558;0.2582390253669;-0.57862098460108;0.19613650179915;-0.080192614331887
42559;-0.32495232703819;-0.35983773947773;0.12327878555701;-0.03796082805732
42560;-0.52702533364799;0.070232397649765;0.11116448904205;0.22381346134919
42561;-0.17984488101619;0.11947107809361;0.33720110307063;0.33029892036927
42562;0.30179672658704;-0.049077450733449;0.28773513061616;0.11677845775158
42563;0.26238397360633;-0.05585706019953;0.2995857557482;0.07377977104173
42652;0.36177935784822;-0.72037721188169;0.17489597599347;0.013692705318658
42653;0.10900962230064;-0.32836834298526;0.1201473107698;0.16951170152893
42654;0.0063194590117503;-0.2528717418189;0.14936410538242;0.18697409733208
42655;0.16939560960927;-0.39771945374927;0.16359148167038;0.034178574946667
42656;0.27146356826425;-0.52873428766167;0.19235335544031;-0.048815747457525
42748;1.3577196877551;-0.45368336262171;0.44479611012794;0.12081300565745
42749;0.99929367200528;-1.0058071450706;0.16844534399375;0.26267309664571
42750;0.65683766584964;-0.73553850615925;0.11892989129707;0.16676476320398
42751;0.16186549834434;-0.30765307305765;0.051882542471032;0.26225837684592
42752;-0.044596902224061;-0.18882612420505;0.099112399833822;0.23162323639248
42843;1.7589633168666;-0.5668476067306;0.32986344925255;-0.14800278289353
42844;1.3843537429481;-0.55363732649945;0.13051026090843;-0.061282992774791
42845;1.8129812300866;-0.40037407309127;-0.15747800475841;0.3819171979762
42846;1.1903870055573;-0.54078791103617;0.2387145206037;0.13342311320044
42847;1.1449591839389;-0.65141494475032;0.16829960072198;0.16710259669591
42848;0.74703460630666;-0.67706097572179;0.1128405450981;0.37509669659425
42849;0.21791300700681;-0.218551002646;-0.17598971233864;0.36486839628217
42940;1.4074706983747;-1.8219665351832;0.69065798927153;-0.22187720066234
42941;1.2865064378021;-1.6506234824095;0.51275398875929;-0.19559174963406
42942;1.198373192243;-1.2224409480286;0.25823144695598;-0.13669605565357
42943;0.71892630304879;-0.78343560773921;0.36253350806496;-0.2857725667751
42944;0.75776077001827;-0.44460430126946;-0.035786725085134;0.11387379418235
42945;0.72409180563056;-0.37801936078345;-0.080547965003176;0.14571972713365
42946;0.70224572129127;-0.18118509683631;-0.23526043290237;0.2662238802399
42947;0.090620850924168;-0.17345303439656;-0.3072215936674;0.50461675218689
42948;-0.2347730638458;-0.45152349790333;-0.35926715832689;0.60402501866659
43038;1.1694097166177;-0.95180868894307;0.52567211029555;-0.42250018868396
43039;1.2631158573935;-1.3630849379397;0.60574849684859;-0.32838613448418
43040;1.2907347040545;-1.7136497443666;0.63623215358434;-0.23981017209922
43041;1.279410362724;-1.7172018577579;0.63418479945993;-0.23304407330938
43042;0.93360875495634;-1.4093930352123;0.46453605260044;-0.26340862055688
43043;0.59566944142335;-0.97661779695449;0.51744181046517;-0.22808953183898
43044;0.51758104617301;-0.44669162059897;-0.047816524227043;0.16234844740963
43045;0.35797134134275;-0.32464496320084;-0.11296231741003;0.21470322667202
43046;-0.35531251221449;0.0070377384346055;-0.29100008287107;0.25448240280651
43047;-3.5355456565528;0.19991378701066;-0.47989837378684;0.050346405441946
43135;3.6608731902019;-0.21501062856591;-0.59928210819435;0.34363045426842
43136;4.5567074523217;-0.57711287582633;-0.60413152362964;0.23234713715674
43137;4.3380161904312;-0.69735037676141;-0.45263080698338;0.25703140969196
43138;2.2283036350614;-0.82325160648452;0.13089326763735;-0.37211539681215
43139;1.0821185386777;-1.2018401133288;0.42765834959436;-0.35203168762731
43146;-8.0622970593577;-0.29992954419153;-0.60837158710813;-0.13263636981198
43147;-8.5946134829889;-0.61059687257828;-0.75626372967183;-0.035027240813193
43235;0.8828721788779;-0.79706725741756;-0.042988325405502;0.43616273500619
43236;2.6974040691148;-0.1677473201297;-0.67370265213129;-0.056311596187038
43237;4.4335855735053;-0.46702092509618;-0.72808793312569;0.23891194822978
43238;4.7221866102646;-0.7842436911681;-0.42946025364629;0.25963229443526
43335;0.50311874297517;-0.90632857922206;0.079493269729185;0.082666967396197
43336;0.87828967990272;-0.78516736898639;-0.056719049837164;0.4501457102092
1892;0.39693797332735;0.42236065766449;-0.004794835195682;0.058548111291004
1893;0.43169555931091;0.33175340197265;0.0027594498326834;0.059959219443077
1894;-0.038935809783335;0.2838043104596;0.09505700675637;-0.13430529685479
1895;-0.34433366373384;0.27985973945725;0.14305749010538;-0.16185165720249
1896;-0.63181064837056;0.29855689247643;0.12446054032489;-0.16261264532114
1897;-0.65596666250148;0.34787260983852;0.14039916548049;-0.17481597755667
1898;-0.74520329175555;0.42759211394777;0.22505547421703;-0.17608172259637
1899;-0.81233008613901;0.53641647786717;0.3335227029756;-0.025137368486581
1976;0.77423930077922;0.24187385383872;-0.15686550094383;-0.20882913610069
1977;0.42500682054522;0.45208809485922;0.097381233839682;-0.10805281110018
1978;0.67531158738856;0.2950078014395;0.060919909790437;-0.069803655965478
1979;0.52811659874342;0.33543250916862;0.033247692195649;0.0085847179355951
1980;0.50473532158306;0.1363028897988;0.068622066776649;0.091348024889729
1981;0.20004847502641;0.17501002140663;0.020932068063824;0.067961097465824
1982;0.049670683089487;0.095700530045219;0.31596096909377;-0.25681124439995
1983;-0.25507473325956;0.24097791027594;0.16277849158284;-0.15497205625116
1984;-0.2934360176589;0.26760442713736;0.13343958443415;-0.12289599945266
1985;-0.28654192264196;0.27952363327581;0.098943255423928;-0.04546953520164
1986;-0.47369433709726;0.35563640687301;0.21218269491337;-0.0433243148608
1987;-0.54521359926349;0.31038084431464;0.25845619476647;0.0079143152972591
1988;-0.77098761366801;0.35900263192657;0.37648745112012;-0.022263701368148
1989;-0.5186656219685;0.18208054372905;0.55987797636398;-0.065125141115682
1990;-0.50435366964816;0.21144159857518;0.58750701228768;-0.11079302967913
1991;-0.3415403359921;0.27304283669684;0.50249563635323;-0.11035024685515
1992;-0.96085448606863;0.58411641261774;0.30985991768028;-0.11122193044257
1993;-1.1804497114214;0.6974858974419;0.29209171767409;-0.14029144804362
1994;-1.2457499826393;0.72797049103642;0.28729870313346;-0.1825643717685
1995;-0.98750361473232;0.62036355573598;0.12330019040627;-0.077372136239114
2062;1.0087527266479;0.13689382343553;-0.19358131563908;-0.17335543743197
2063;1.0126037494424;0.13080662778541;-0.17348581502395;-0.16014636673829
2064;0.95315488060472;0.13916749601351;0.027314442534234;-0.21382730385508
2065;1.0191309726569;0.075587381417492;0.074890140541254;-0.19305086208327
2066;0.96505963200722;-0.013107173522315;0.19397299083871;-0.12752569631967
2067;0.88704437489951;-0.13352782356369;0.12752723396874;-0.055871931255625
2068;0.69703896214454;-0.09112014291829;0.13330134795634;0.10121583362513
2069;0.38984510483975;-0.03933411024046;0.25290083366924;-0.086086459220011
2070;-0.072250085980298;0.18201820517683;0.23650611397189;-0.11460658282167
2071;-0.15346993204587;0.22883408569394;0.19411155797669;-0.095340409071744
2072;-0.21193672214189;0.26452850403108;0.1108229870236;-0.056512367821594
2073;-0.40275763266676;0.33407288008311;0.19347789274263;-0.054803349746012
2074;-0.42880702385668;0.25345850668002;0.17614550177432;-0.029585808150591
2075;-0.76761632770348;0.358012237603;0.37819407291034;-0.024843621407799
2076;-0.51742698438431;0.18136696885653;0.5589696976489;-0.064921709540094
2077;-0.50412969878996;0.21133846664258;0.58726434604714;-0.11111089331461
2078;-0.34151340084327;0.27302861765161;0.50249422771432;-0.11032009578972
2079;-0.96083121226571;0.58411925240335;0.30988350295953;-0.11122926648575
2080;-1.1803498352659;0.69750709566827;0.29221826479114;-0.14032474792853
2081;-1.2454178086328;0.72808106139824;0.28773915423595;-0.18271428152697
2082;-0.95459776628866;0.60530340142987;0.11138612519208;-0.076570422091189
2083;-0.81566481460126;0.529944743887;0.07688518938968;-0.085676621014375
2084;1.2926564089318;-0.53664651965627;0.029212258231508;-0.033052319259958
2085;1.4140865322928;-0.39714101194953;0.041259767277845;-0.062866993259445
2086;0.20357375117122;0.41760264728451;-0.18700615183158;-0.09714648666555
2087;-0.21932239413734;0.69617119216236;-0.259430083617;-0.079293816602713
2088;-0.56756012020106;0.8486819302887;-0.50668105861618;0.0058773601244243
2148;1.4472415959897;-0.096482500821035;-0.18062972455332;-0.10655694195452
2149;1.0555098610471;0.14711691053144;-0.31817893861593;-0.068522582310599
2150;1.0050539094489;0.15950445219516;-0.23736350561812;-0.10238295412524
2151;0.96830471134687;0.16347339516487;-0.11563656253071;-0.16693916642294
2152;0.9689171912658;0.089714268043846;0.030149526339707;-0.20553513101399
2153;1.5301003799768;-0.26708197161746;0.36959482623642;-0.12047734605298
2175;-0.59076857996799;0.85099157357595;-0.52093668774097;0.012799889912763
2176;-0.43994255723187;0.76082885124921;-0.37785695559432;-0.00074631717340988
2177;0.030683270918893;0.65345761663452;-0.67288576785935;-0.03861812337384
2234;1.861424003822;-0.37864349582238;0.0074212903654871;-0.03907390682505
2235;1.5993660654144;-0.2899900379923;0.22686472285768;-0.044850870331415
2236;1.6803288943025;-0.23905466618428;0.15586346691409;-0.11646507238045
2237;1.3828085403117;-0.0094998907112743;0.025419946920885;-0.059190293278113
2238;1.1328593379027;0.16113856997863;-0.23007799034459;-0.040875831257984
2239;1.0995486644013;0.18333615315347;-0.20345392972719;-0.070901434710396
2266;0.93018968820496;0.70115544245522;-0.41914001560815;-0.10062834620575
2267;0.72532977889494;0.83129907574633;-0.74606436557337;-0.051920146898972
2321;1.745554930864;-0.2306588662431;0.078138829930025;-0.25222375446142
2322;1.8993383067276;-0.28985900320203;-0.0052741887315939;-0.03588817263677
2323;1.8912239544214;-0.35058528522183;0.082496314937821;-0.084380074025063
2324;1.7720474215227;-0.25255752107353;0.15515805400761;-0.14261407508653
2325;1.4336324732302;-0.028334651586823;0.052511562164828;-0.049290017438908
2326;1.1418937141791;0.16619931769671;-0.29130600172054;0.015290953501957
2356;1.5205111939847;0.69659910468113;-0.83719139321992;-0.32626724157972
2408;1.9685745968256;-0.11670430378172;0.08354363717691;-0.063288863228228
2409;1.9710864195582;-0.15249308157528;0.074655444645932;-0.043614157361124
2410;1.9560352469809;-0.19315877738872;-0.0078063444181233;0.031139633139896
2411;1.9980945789655;-0.31084732584885;0.13946266724811;0.044506408419468
2412;1.7837909406983;-0.2388650281155;0.25089484291646;-0.15022002034308
2495;1.6564888502332;0.061034780776153;0.28654961163431;-0.21455450503362
2496;1.9240669151668;-0.063290571287955;0.12577406128124;-0.070282846454304
2497;2.1035328080948;-0.1613328144182;0.16259468179767;0.013763679608556
2498;1.9664369947861;-0.082853620281344;-0.076892565417751;0.056118236433545
2581;-0.28529291847946;0.013778480984438;-0.33347200003879;0.068500566652607
2582;0.0011039055060317;0.24815876892242;-0.33328607230754;0.028379694811166
2583;0.54064274020761;0.38247134586648;-0.1657970113907;0.0075753366164805
2584;1.255957010409;0.33479708696658;-0.22125775374359;0.063869333489369
2668;-0.75707532637991;-0.03255503310523;-0.23422865909392;0.038417506618175
2669;-0.58535495919955;-0.014606096886831;-0.25146355489946;0.010867661027205
2670;-0.68052152946305;0.070250715328942;-0.13053455287319;-0.045242651016061
2671;-0.74179642011285;0.12349659321193;-0.015197802187541;0.010220382370991
2672;-0.98613039917507;0.13450419617706;0.15011048365154;0.020118035946495
2755;-0.97745092540226;-0.14716592859693;-0.23000138989033;0.11279222469832
2756;-1.0051492995511;-0.12265243011472;-0.21756359895125;0.045054350845432
2757;-1.3279858900841;0.013072826222883;0.057852988600389;0.076917482781788
2758;-1.2361955778233;0.16681694457262;0.12052813428865;0.038955194005757
2759;-1.2672234154369;0.14956831646466;0.15903310306148;0.040068453124651
2760;-1.3589633449054;0.16007010730408;0.26080080183369;0.028700560640671
2842;-1.20034009249;-0.3504216073181;-0.049581064001586;0.0724409472169
2843;-1.2309642356241;-0.24455332183743;-0.12141601364565;0.084156535118801
2844;-1.3508214838799;-0.19954884084207;-0.14956240352663;0.064503905136636
2845;-1.6546689274413;-0.031148491473183;0.091107010465182;0.04431079580106
2846;-1.4614616176087;0.074241483424943;0.094643684564868;0.073324138788606
2847;-1.4253962972476;0.094958892039023;0.12243185043213;0.061750990341029
2928;-1.0572046889291;-0.13298258361281;0.16539771754077;-0.2838562289118
2929;-1.1294950859834;-0.17776913082278;0.15260040082467;-0.24223459599718
2930;-1.04912238128;-0.26802119709043;0.043417078543281;0.021787855111635
2931;-1.1756491353934;-0.26744306891019;-0.0015899319286493;0.10273973232503
2932;-1.8210442477667;-0.044196530664161;0.16032121789946;0.010042073643772
2933;-2.0629634528777;-0.021049842560216;0.23840536984104;-0.12339591147816
2934;-2.1846689016576;-0.11976005325125;0.27797791370793;-0.13785007964426
2935;-1.6822179724061;-0.070302075791879;0.17497316268845;0.024528279389557
3014;0.10726997913362;0.30666027681422;-0.2864713691001;0.17226161334251
3015;-0.019709037074127;0.25799628506168;-0.043446716687996;0.13744544573324
3016;0.037148389201994;-0.044880104573561;-0.11567568216844;0.19595283239374
3017;0.22883696703845;-0.20724318551728;-0.36231464720486;0.22448180374683
3018;-0.63640896569911;0.13840092629546;-0.062657786245791;0.081053586656385
3019;-1.4685292061978;-0.17898598417184;-0.14483276401975;0.098754368180764
3020;-2.4442834601276;-0.21782575541265;0.13262172515015;-0.16365090769328
3021;-3.7909190562188;-0.37454745287461;0.22256318693604;-0.067930176592521
3101;0.78215987423292;0.12189003761795;0.13754486858634;0.070475412383792
3102;1.0308066363822;0.066194834154925;0.18111771285192;0.04239163946136
3103;0.83318024500722;0.19252757119707;-0.25372783585675;0.13026535203868
3104;0.79148757665457;0.021342594197887;-0.47007604670028;0.090096588622364
3105;0.30458501937292;-0.11010839015;-0.38323353310365;0.21630777107242
3106;-1.1938657148819;-0.034998176723739;-0.15472114106827;0.21437049712028
3107;-4.6216019654773;-0.35201835306317;0.033420493256119;-0.14266980785547
3108;-5.317806467571;-0.32629031830253;-0.093053556191126;-0.061934046336509
3188;0.99966292445635;0.04318488101054;0.20760570118237;-0.017775066698196
3189;1.1544689349998;0.083257444429078;0.18810697311627;0.020598987730642
3190;1.0981539140803;0.13039502299097;0.070799653937003;0.063964291521012
3191;0.63341325840087;0.046109864950017;-0.2247757002439;0.15887439377681
3192;-0.49966515612405;0.16993640420667;-0.42251686522352;-0.046559684300777
3193;-5.0162291951832;-0.36417925413008;-0.068012675006821;0.057465204149309
3194;-6.1173439174752;-0.26175027675086;-0.10773796524645;-0.067003823770128
3195;-6.3083201069167;-0.36925711799569;-0.13776908369611;-0.045801483612733
3275;1.1976973546239;0.015659407143062;0.12841149750499;-0.049120608323302
3276;1.2307840493354;0.045960528043634;0.14180315276876;-0.033321226449888
3277;1.1335877650911;0.12565777453765;-0.041302889472554;0.031710315628298
3278;0.24946845131859;0.25784059693289;-0.39905936540221;0.22495210134801
3279;-5.2438960534008;-0.2844266625764;-0.045760625731607;-0.050864399282028
3280;-6.1898099624054;-0.25991574714306;-0.10517462190866;-0.050155639824724
3281;-6.4687268933431;-0.36895851798191;-0.16111460359852;-0.067605618216689
3282;-6.5398428787409;-0.39140895626902;-0.18122829512032;-0.062608914442247
3362;1.1570454224585;0.041282061050065;0.034755028202338;-0.04430607359023
3366;-6.1200276778277;-0.28779744070449;-0.028346356959313;-0.083242548099415
3367;-6.4504633616451;-0.3620583277097;-0.14467470320071;-0.076213727329839
3368;-6.753535454987;-0.28339415074027;-0.43708002117445;-0.05730682195214
3369;-6.834869517857;-0.28724552661233;-0.45799790605403;-0.04950962412772
3456;-7.0072479390316;-0.47740963798159;-0.47581551863582;-0.01701439583651
19158;0.65312195814751;0.5702718917505;-0.1300585717842;0.059705940898913
19159;1.0614160894906;0.16226927929186;-0.0010455630746548;-0.10556656392429
19160;1.2226639352465;0.0058528515239221;0.19238509680634;-0.19289171115691
19161;1.1659392911982;0.034079396676159;0.079021958111947;-0.18587491456634
19162;0.99801001055747;0.13374737598988;-0.24945642833152;-0.13441443994424
19163;1.054455036873;0.048105259950866;-0.39422081092944;-0.15997335779949
19164;0.8674827985318;0.068261933508997;-0.24444781897479;-0.066415428824698
19165;0.73795301983324;0.10530504042794;-0.14811413347366;-0.12873608264732
19166;0.6819321176868;0.12951488646377;-0.10063935916381;-0.12738599362313
19167;0.81420579681025;0.045004745053372;0.037491502597382;-0.1385101335974
19168;0.9742139734308;-0.054339216325035;0.2609330115736;-0.15904002101983
19169;1.0431470408463;-0.096495617225911;0.35065636339906;-0.159071380028
19241;1.4116041460376;0.45878101781277;0.16804540760722;-0.21834133338066
19242;1.1703617024673;0.34968810128828;-0.15764923319935;-0.12302869466042
19243;0.88270157550265;0.46556011100828;-0.32578795224789;-0.094309388547105
19244;0.94208883613007;0.40557130954676;-0.30662361591498;-0.046273537470556
19245;0.72134141241219;0.3455430324493;-0.093889516275414;0.087495557672629
19246;0.95380044483742;0.17207439130556;-0.063797423636054;-0.039621219526373
19247;0.95663379383006;0.15647113560847;-0.040451396090677;-0.10448571741866
19248;0.94193544801859;0.16126085619954;-0.079210618747578;-0.12673460267575
19249;0.83659403363063;0.20962990102782;-0.30300178178371;-0.096917078103039
19250;0.98705038747654;0.066098796713396;-0.41033404373206;-0.17195741605601
19251;0.86288715537004;0.070344108369947;-0.24910671523923;-0.0643572179446
19252;0.73771057910645;0.10628798678702;-0.14898919165245;-0.12897434522395
19253;0.68079612727762;0.12904906112996;-0.10165704264449;-0.12712284420224
19254;0.81120596953905;0.047854344495141;0.031926403124069;-0.13822154911658
19255;0.90301542318699;-0.010743706264672;0.14831272443409;-0.14395098855897
19256;0.89803486434362;-0.0060864950173561;0.12361566891376;-0.12917950459275
19257;0.053158001844346;-0.050031558909052;-0.13256400415818;0.054262578451157
19258;-0.4479071230268;0.034095713123583;-0.010899729570978;-0.29342513235449
19259;-0.96132494542062;-0.015737978489377;0.17014278211263;-0.29366889926438
19326;1.9275801216708;0.014645144424612;0.31945381997795;-0.10700431178312
19327;1.1618696562186;0.23742958978048;-0.2657516474439;-0.082300853421713
19328;0.80260257936675;0.44953645332934;-0.44294898418903;-0.083885942725887
19329;0.66503328854248;0.36893540270231;-0.40245367242502;-0.07512806349559
19330;0.57483843839083;0.45569178499249;-0.3173843171422;0.0010553642419933
19331;0.52509299167083;0.45415239969953;-0.24218856499156;0.090688642139862
19332;0.66701684700662;0.34817610719911;-0.1204123207187;0.094940519970074
19333;0.88854274498654;0.19983248706387;-0.019246556308259;-0.024368259628761
19334;0.89485817940182;0.19339967463382;-0.018070956152038;-0.075026417261148
19335;0.73511329723308;0.27051914641665;-0.1675222205527;-0.14872103274098
19336;0.68581487494746;0.30595674239671;-0.37134102808881;-0.1154836012474
19343;1.1841578065007;-0.15915569231793;-0.27962380724142;-0.44592652476186
19344;0.11093463758985;-0.16822759718926;-0.069396982359808;-0.14806777413073
19345;-0.44116431324034;0.014578754226476;-0.00090773020602351;-0.30099840903361
19346;-0.99050271473087;-0.037441369773021;0.17387287987223;-0.28115297785379
19347;-1.0823248483341;-0.087647679212861;0.20356758400608;-0.23952328368771
19348;-0.98472069493223;0.13773088255151;0.28335609917996;-0.1096180752589
19412;1.5546294385997;-0.5391364053818;-0.17814403670858;0.0096616122857193
19413;1.8295255653325;-0.3161318553619;0.0086069805762953;-0.069618375539729
19414;1.9885688942116;-0.082814752146598;0.18403109062016;-0.11201834048213
19415;1.151624543155;0.22312182898024;-0.27327862487207;-0.079518292187473
19416;0.58953090521331;0.550686360449;-0.3890198614231;0.013672289332979
19417;0.37009373119859;0.51500739354077;-0.24551846294113;0.083707567497862
19418;0.37196455646484;0.50850544690404;-0.22327827382641;0.085245389854108
19436;-0.91469658134053;0.19808181187337;0.30087834121703;-0.087264618521231
19437;-0.20372427196117;0.18972350843471;0.12301725332411;-0.097697728653801
19438;1.1011488855105;-0.45518866460552;0.18587466056674;-0.06216406749437
19439;2.3074927366401;-0.89114366706075;-0.51580275576706;-0.14081884298019
19498;1.9803633458858;-0.43393177692833;-0.55231801406561;0.11887971206707
19499;1.1666886069852;-0.28624894239944;-0.0015173694205559;0.1212116542393
19500;1.4901025157672;-0.25627345726549;-0.094075338742051;0.11138175718913
19501;1.6985761096118;-0.3043499852192;-0.018041355169871;0.016401929323678
19502;1.9363665814722;-0.11488418402265;0.050964476644995;-0.078059182567133
19529;6.7279911820742;-1.4403428595461;-0.96253055363806;-0.26841769348376
19530;6.7279911820742;-1.4403428595461;-0.96253055363806;-0.26841769348376
19585;2.0933762160259;-0.80141955357758;-0.022023407695244;-0.051590063419819
19586;1.9052876277419;-0.69600837046169;-0.31089775235738;0.0015293391517171
19587;1.7334375376856;-0.69369548591318;-0.49976353150402;0.06321304017557
19588;1.0041571161752;-0.3486393433914;0.0024730455064031;0.14385478556303
19589;1.0966091285939;-0.32810722302558;0.0082268665863274;0.23428580633598
19590;1.4296589923558;-0.41191553311004;-0.042241943913983;0.15795921393797
19672;0.93684349593569;-0.44218160314788;0.14079300384724;0.15921352314884
19673;0.94446709071791;-0.46451256191345;0.14748012038293;0.18122717213565
19674;1.4681754136704;-0.73017613316939;-0.20749052066142;0.0096844324869824
19675;1.6926903004595;-0.7736340348819;-0.38144656057985;0.014428800878278
19676;1.5069543058031;-0.71688805490476;-0.52898560011345;0.0019060863779124
19677;-0.30090403830289;-0.13361189162374;-0.26859256469097;0.097751977000626
19678;-0.53441721039172;-0.081656491871643;-0.30933199689493;-0.047389822110113
19759;1.2581576594381;-0.4110786492061;-0.13740975789959;-0.10093965845227
19760;1.1585553850283;-0.34912134365278;-0.096626547861181;-0.035453091423603
19761;1.0090780414816;-0.42062910444262;-0.039401892181166;0.049399052625006
19762;0.75976966310559;-0.39663871562679;-0.028245487411934;0.19447526608004
19763;0.54398412989398;-0.35018806270946;-0.18009265657437;0.15172094601193
19764;-0.25075603520453;-0.045477049203362;-0.1576543337345;0.094903652340573
19765;-0.69240371838706;-0.053681592674346;-0.10919213322588;-0.09798970984088
19766;-1.9263608917898;-0.43421827759014;-0.14401885935275;-0.010273723165378
19767;-2.9035578177897;-0.74140935247518;-0.030872661014459;-0.10942560292326
19846;4.3478426450034;-1.2407389306695;-0.24977145813933;-0.24834189049811
19847;1.9822602324057;-0.64508542233561;-0.044984266450895;-0.042316863504633
19848;1.3647222526541;-0.40813968168984;-0.0054257964294854;-0.035286354206126
19849;1.2575126114078;-0.38416375579497;-0.091664450920912;-0.062046650320268
19850;1.1077830263327;-0.30368639612062;-0.1915129818991;-0.02775060391346
19851;0.68578790963441;-0.18374403260682;-0.32814775016795;0.071916253420863
19852;0.35788757446678;-0.26039684522502;-0.25223798438689;0.081054611890984
19853;-0.66002084183909;-0.16703094869401;-0.063369449244295;-0.11122522478604
19854;-1.3649879780087;-0.1400276068457;-0.2278250657709;-0.082171746881762
19855;-3.9339191207836;-0.63219787664774;0.032487282444451;-0.077870667357387
19856;-4.9100217464949;-0.41852027083782;0.055996186738357;-0.058363760511368
19933;1.2627799460923;-0.0052415512318155;0.29257548569627;-0.16801484710755
19934;1.7776769563432;-0.27012440593104;0.43614468207446;-0.17189507270865
19935;4.2543305413774;-1.2638160170607;-0.27378591494099;-0.23985831882829
19936;2.603367504958;-0.57279496433874;0.11752451298952;-0.047376645702176
19937;1.930303193902;-0.61898276093113;-0.013887476712099;-0.047125469946473
19938;1.5189314231051;-0.44192272678385;-0.023368180149965;-0.019592799123025
19939;1.3105261229672;-0.39028752033361;-0.096241509725068;-0.020900049930117
19940;0.96102936604529;-0.19457826728598;-0.45255490865251;0.023254914923589
19941;0.40012261503836;-0.057011259853177;-0.48002123528522;0.053338309529566
19942;-1.3111035770782;-0.13100206939778;-0.2215182642508;-0.086234949072244
19943;-3.4533896055596;-0.55107253368453;-0.00083519855789655;0.025610907432187
19944;-5.6811605889788;-0.60934891435543;0.16832985499703;-0.071549363896148
19945;-5.9944775744361;-0.70166256880984;0.11788076926449;-0.0053149815701328
20023;1.0343976808326;0.1389997912776;0.2839944357275;0.052739609238812
20024;1.3992182545168;-0.093682060957667;0.26143645350333;-0.066199471607039
20025;1.8404710860874;-0.3435639002712;0.43711645051892;-0.095537182864147
20026;1.78334864638;-0.36734311756996;0.44681849216219;0.0070254250700192
20027;1.4973463407965;-0.41692331980747;0.42782686790964;-0.1656088200868
20031;-0.83792861837389;-0.12990377231382;-0.31422682433589;0.047661938880843
20032;-4.5033849894553;-0.53584629275113;-0.007981403207775;-3.5371017098162e-05
20033;-6.0930567619997;-0.62845307577863;-0.061008530920047;0.033473218838528
20034;-6.3761076201617;-0.60043480041986;-0.052776381991915;0.048719866976482
20035;-6.3911193043769;-0.59596161618093;-0.067564941399618;0.049221525535993
20114;1.0235338356132;0.12505645709956;0.13493340214812;0.088411108631005
20115;1.1062409976676;0.067130150851887;0.11894817107581;0.059242198860028
20116;1.2722851039586;-0.041873484772827;0.25079397154739;0.0032512901673914
20123;-6.1396835058486;-0.53918563696112;-0.12183859693749;0.05833120564483
20124;-6.4537879572599;-0.56280524003525;-0.074442274787616;0.032697169223976
20125;-6.5323109251471;-0.56649917565371;-0.03879381868868;-0.0060363993754703
20205;1.0061981107706;0.13140423558014;0.095062907853787;0.10881794596771
20206;1.0192149583414;0.12203994522713;0.10041576099266;0.11065418243687
20215;-6.5564678223566;-0.53087460561122;-0.035728598883901;-0.015704011359666
34644;0.17150217376029;0.64121815250434;-0.23120565343461;0.17709536749172
34645;0.084661708825788;0.49246616488024;-0.23484121643405;0.20731700887876
34723;0.83286473348383;0.26043215443876;0.24297899587747;0.11050849402415
34724;0.71140269653864;0.3271293966147;0.15528990128353;0.12504085303755
34725;0.19585931047366;0.35616146376784;-0.28996728035918;0.20640781790985
34726;0.29280377065783;0.15908870139363;-0.56088205302248;0.17090729446441
34727;-0.38844047214486;0.38335436214324;-0.22745304661875;0.12980619959848
34728;-0.48452650248502;0.41934716903053;-0.21780980063071;0.12393457057166
34729;-0.60950058425237;0.41040651621337;-0.22281999084727;0.093830877048879
34730;-0.57843405525774;0.37258982740581;-0.20533176781365;0.12751550480496
34731;-0.50517858161914;0.29395954277544;-0.060080989990745;0.11280130943565
34732;-0.24579270403591;0.1886750146035;0.28654459880149;-0.018448316443503
34733;-0.38399464902242;0.23013962651076;0.25015846806183;-0.035262228355656
34802;1.1718097159576;0.064771417591712;0.092028360821318;0.10807402391871
34803;0.91282692033949;0.20312625797997;0.24082461981606;0.078726826244555
34804;0.8049989912884;0.23208818917733;0.25870966735805;0.069516141409441
34805;0.25117752383671;0.17658357857648;-0.24667059327849;0.19612817308862
34806;0.133162894396;0.14547877330678;-0.33447728017775;0.220055851866
34807;-0.44571766916881;0.37330390535646;-0.10075994798699;0.069921554924125
34808;-0.52361753291904;0.40381266707017;-0.11727361601451;0.062576285806068
34809;-0.62698523045116;0.4268281195432;-0.23559844778882;0.09144671321604
34810;-0.69041831756174;0.38829628348938;-0.21406688035845;0.15191416925396
34811;-0.68790865276113;0.3591123856011;-0.1168445542507;0.17600110106992
34812;-0.59161954868091;0.2850354872423;0.16070232999357;0.064582232070931
34813;-0.49034927767129;0.30552429208235;0.24888296462608;0.014401825141304
34814;-0.14438562817269;0.40319435034194;0.066747334761328;-0.121325053884
34815;-0.16726456810678;0.20879199834803;-0.19609778994811;-0.042712915622682
34881;1.1369361263175;-0.20060376369288;0.05369873221278;0.1396442945686
34882;1.1770800913736;-0.029180404424849;0.062786644267665;0.097072260541314
34883;1.1575513225922;0.044744612934242;0.13088777729737;0.050018443223925
34884;0.95824175410321;0.14188501463532;0.23028162811516;0.066430601179322
34885;0.90875974642186;-0.071015044388269;0.41461761845618;0.061186190049477
34886;0.4829172936325;-0.0052865907137292;0.12418737138317;0.14262273686706
34887;0.17447454636778;0.075165389701744;0.049727027566937;0.16346059445023
34888;-0.51497917561467;0.38450722407075;-0.014436679876213;0.051590127094823
34889;-0.61532937549022;0.44532943489926;-0.14654237457921;0.042493762735313
34890;-0.64985913367373;0.4781437948291;-0.28222727635681;0.075954811153389
34891;-0.81941656429192;0.42091692118817;-0.25683214911189;0.13831222758766
34892;-0.84008444459884;0.38939858342774;-0.21934687397766;0.19930345244836
34893;-1.0586223512743;0.33250789993188;-0.054906496073053;0.021578637111916
34894;-0.88034594045145;0.49915974290939;0.080887274797567;0.012165825298493
34895;-0.62101528351459;0.42446084156416;0.092903062387864;-0.0063263142014365
34896;-0.67259421126189;0.46731311661664;-0.031027445494872;0.11657702601861
34897;-0.53594477694384;0.40550951847623;-0.19792013134501;0.17415117032234
34962;1.3084719878133;-0.27753578509498;-0.078076227498747;0.20504038304612
34963;1.1841726829281;-0.20897980880193;0.03901250313113;0.14439933443781
34964;1.0615908088867;-0.13269841523137;0.088269754245869;0.059349386355466
34965;0.94603281770309;-0.043785044723901;0.22958522457284;0.060319899481602
34966;0.87392911670203;-0.018451944530841;0.24646860288529;0.086946561684793
34967;0.78585226649778;-0.074869807009439;0.29994920229989;0.08742874708736
34968;0.59212689478208;-0.039322629374817;0.20308131499638;0.14080940976055
34969;0.50744285936825;-0.059395115938689;0.22496923454603;0.13510786452825
34973;-1.1683933432689;0.39259557500293;-0.15701247921516;-0.018344245696147
34974;-1.3674499283033;0.41142957555606;-0.075080948304579;-0.10363707693738
34975;-1.4020512445706;0.40730192011768;-0.042152064408202;-0.086429542615845
34976;-1.0180148367587;0.571650739547;0.07805666599268;0.0440021972468
34977;-0.78240657302936;0.51017136937757;0.041893204717704;0.0094268530750473
34978;-0.73362129635275;0.4939193080822;-0.037766394765283;0.12510617160625
34979;-0.56003622777592;0.40855080839921;-0.23898569691791;0.18789221193068
34980;-0.42745274758031;0.41519719972345;-0.21423293590969;0.16736410927892
34981;-0.27962492344839;0.45231508439232;-0.25256695184318;0.091230885063258
35044;0.92744538003717;-0.14749715256353;-0.026472755319365;0.21284971658268
35045;1.2817233527819;-0.28463721441442;-0.075797621585397;0.20590900724652
35046;1.3275147029975;-0.30498955408047;0.0038156227291852;0.19371918825638
35047;0.99582980905109;-0.14639512606017;0.17731039375667;0.028171629602523
35048;0.92275718459134;-0.073383601696139;0.25352946995585;0.046615305008968
35127;0.46036700188407;-0.011608132892196;-0.028851010183321;0.055146106112302
35128;0.65505368021662;0.020721839065031;-0.13684077926693;0.20862242248598
35209;1.2668606978431;-0.30106047216763;0.81684133176355;0.11227227787112
35210;0.97822309900054;-0.1079276530855;0.28347495982465;0.15711051909767
35211;0.67868643033151;0.062607892312703;-0.057231702728897;0.17647280692322
35212;0.58245312746283;0.11146888221542;-0.21712158480081;0.21046985402875
35293;0.68210513000477;-0.30920409911386;0.36386399943062;0.20733427188914
35294;0.77998459714607;-0.18623474313027;0.46735872452948;0.051130772849071
35295;0.97874479986513;-0.11547218090858;0.3388153416616;0.15540773671875
35296;0.76568998586819;0.02464483504332;0.046594600641339;0.16895373582058
35377;0.048433178768472;-0.38032134199591;0.373239193049;0.087039042966647
35378;0.23970138635253;-0.31303387504896;0.39761845389388;0.13631335706369
35379;0.23478127756175;-0.055227121512983;0.31094175122207;0.047393214448142
35380;0.64132778299203;0.035809917025824;0.065402876152633;0.15261576449243
35460;1.0298876370532;-0.19752435969137;0.17774472714154;0.18982268935937
35461;0.76678421488565;-0.059408073305129;0.34095298849082;0.11005097972861
35462;0.34442960123024;-0.34440178791311;0.36274550528379;0.19024254119874
35463;0.22280388684569;-0.31034195241561;0.37842838054424;0.23016932697642
35464;0.058481605800978;-0.13387888100847;0.32533462460375;0.20798197115276
35465;0.15343102537021;0.054418998409223;0.32015127505579;0.20466901906842
35544;0.67889107951079;-0.13431390154782;0.14810933558412;0.1068811120474
35545;0.70872253308765;-0.15477888049478;0.27720890882083;0.015760456667558
35546;0.77129691244477;-0.034703312550043;0.28137737298748;0.027775496118503
35547;0.68657128603998;-0.04512250200768;0.27382287098015;0.043959974656028
35548;0.19410019384311;-0.20148428030689;0.2668580384923;0.26845977322593
35549;-0.0053593027774746;-0.19024168668476;0.32344108003319;0.27224720803779
35628;1.1504849661566;-0.32922518968078;0.13443411660565;0.13841851972063
35629;0.80675216042811;-0.21391713479474;0.23591145287681;0.054420279186714
35630;0.71811821691492;-0.19773851739909;0.25783091545767;-0.060045480540234
35631;0.99072933785224;0.0099090123698005;0.1795529500898;0.14062729141878
35632;0.99331759221492;-0.021128854994629;0.1587937146042;0.14669626642292
35633;0.34634381245934;-0.14979468583032;0.1711179136224;0.29924703137881
35634;0.019476015040257;-0.19410184216251;0.31126081878251;0.38767856232624
35712;2.31830418485;-0.4265019134095;0.1479539166873;0.35619035319131
35713;1.2353377541106;-0.26652206615899;0.25378875322255;0.20856826262
35714;0.8420765053814;-0.21403218819776;0.25194471056203;-0.013816080607898
35715;0.75288930302293;-0.16600637193704;0.25575003155287;-0.092071935299915
35716;0.86861174432549;-0.11921847232964;0.19209024600011;0.14588660808286
35717;0.86498009438769;-0.12990526127483;0.17180106484148;0.17330703499165
35718;-0.29709615173686;0.19582067889405;0.18065554051502;0.085535573780297
35799;1.4528845193986;-0.16478403519796;0.26399914601129;0.22975351525334
35800;1.0384205377126;-0.16572577596339;0.23296491122815;0.036853576864018
35801;0.97086188048569;-0.14607758036943;0.16983134548727;0.028208026739732
35802;0.93446397062579;-0.15687978561542;0.092602237156796;0.09042721450644
35803;0.92696751185931;-0.16723769886205;0.027904509683517;0.078060986701751
